url;keywords1;keywords2
https://www.booking.com/hotel/fr/majestic.en-gb.html?selected_currency=EUR;Double Room;Chambre Double
https://www.booking.com/hotel/fr/hotel-montparnasse.en-gb.html?selected_currency=EUR;Double Room;Chambre Double
https://www.booking.com/hotel/fr/opera-cyrano.en-gb.html?selected_currency=EUR;Classic Room;Chambre Classique
https://www.booking.com/hotel/fr/acropole-paris.en-gb.html?selected_currency=EUR;Standard Double Room;Chambre Double Standard
https://www.booking.com/hotel/fr/angely.en-gb.html?selected_currency=EUR;Standard Double Room;Chambre Double Standard
https://www.booking.com/hotel/fr/alize-grenelle-tour-eiffel.en-gb.html?selected_currency=EUR;Double Room with Shower;Chambre Double avec Douche
https://www.booking.com/hotel/fr/apollon-montparnasse.en-gb.html?selected_currency=EUR;Standard Double Room;Chambre Double Standard
https://www.booking.com/hotel/fr/hotelappialafayette.en-gb.html?selected_currency=EUR;Comfort Double or Twin Room;Chambre Double ou Lits Jumeaux Confort
https://www.booking.com/hotel/fr/hotelarcadie.en-gb.html?selected_currency=EUR;Comfort Double Room;Chambre Double Confort
https://www.booking.com/hotel/fr/art-eiffel.en-gb.html?selected_currency=EUR;Standard Double Room;Chambre Double Standard
https://www.booking.com/hotel/fr/hotel-alesia-montparnasse.en-gb.html?selected_currency=EUR;Double Room;Chambre Double
https://www.booking.com/hotel/fr/audran.en-gb.html?selected_currency=EUR;Double Room;Chambre Double
https://www.booking.com/hotel/fr/austin-s-arts-et-metiers.en-gb.html?selected_currency=EUR;Double Room;Chambre Double
https://www.booking.com/hotel/fr/avia-ha-tel.en-gb.html?selected_currency=EUR;Double Room;Chambre Double
https://www.booking.com/hotel/fr/bailli-de-suffren-tour-eiffel.en-gb.html?selected_currency=EUR;Double Room - Large Bed;Chambre Double - Grand Lit
https://www.booking.com/hotel/fr/beaugrenelle-saint-charles.en-gb.html?selected_currency=EUR;Double Room with Shower;Chambre Double avec Douche
https://www.booking.com/hotel/fr/beausejour-ranelagh.en-gb.html?selected_currency=EUR;Classic Double Room;Chambre Double Classique
https://www.booking.com/hotel/fr/comfort-opera-drouot.en-gb.html?selected_currency=EUR;Classic Double Room;Chambre Double Classique
https://www.booking.com/hotel/fr/lademeure_paris.en-gb.html?selected_currency=EUR;Classic Double Room with Access to Relaxation Area;Chambre Double Classique avec Accès à l'Espace Détente
https://www.booking.com/hotel/fr/best-western-premier-faubourg-88.en-gb.html?selected_currency=EUR;Classic Queen Room;Chambre Lit Queen-Size Classique
https://www.booking.com/hotel/fr/blc-design.en-gb.html?selected_currency=EUR;White Double Room;Chambre Double Blanche
https://www.booking.com/hotel/fr/bob-by-elegancia.en-gb.html?selected_currency=EUR;Double Room;Chambre Double
https://www.booking.com/hotel/fr/hotelboileau.en-gb.html?selected_currency=EUR;Standard Double Room;Chambre Double ou Lits Jumeaux Supérieure
https://www.booking.com/hotel/fr/best-western-kemaris.en-gb.html?selected_currency=EUR;Classic Queen Room;Classic Queen Room
https://www.booking.com/hotel/fr/altess-hotel.en-gb.html?selected_currency=EUR;Double Room;Double Room
https://www.booking.com/hotel/fr/palacito.en-gb.html?selected_currency=EUR;Standard Double Room;Standard Double Room
https://www.booking.com/hotel/fr/de-l-ocean.en-gb.html?selected_currency=EUR;Comfort Double Room;Comfort Double Room
https://www.booking.com/hotel/fr/saint-julien.en-gb.html?selected_currency=EUR;Comfort Double Room;Comfort Double Room
https://www.booking.com/hotel/fr/hotellebiarritz.en-gb.html?selected_currency=EUR;Standard Room;Standard Room
https://www.booking.com/hotel/fr/bwgrandfrancais.en-gb.html?selected_currency=EUR;Comfort Double Room;Comfort Double Room
https://www.booking.com/hotel/fr/clemenceau.en-gb.html?selected_currency=EUR;Double Room;Double Room
https://www.booking.com/hotel/fr/de-la-presse.html?selected_currency=EUR;Classic Double Room;Classic Double Room
https://www.booking.com/hotel/fr/la-tour-intendance.en-gb.html?selected_currency=EUR;Classic Double Room;Classic Double Room
https://www.booking.com/hotel/fr/notre-dame-nn.html?selected_currency=EUR;Comfort Double Room;Comfort Double Room
https://www.booking.com/hotel/fr/carladez-cambronne.en-gb.html?selected_currency=EUR;Comfort Double Room with Shower;Chambre Double Confort avec Douche
https://www.booking.com/hotel/fr/hotelcrimee.en-gb.html?selected_currency=EUR;Double or Twin Room;Chambre Double ou Lits Jumeaux
https://www.booking.com/hotel/fr/castexhotel.en-gb.html?selected_currency=EUR;Double Room;Chambre Double
https://www.booking.com/hotel/fr/hotelcentralparis.en-gb.html?selected_currency=EUR;Double Room;Chambre Double
https://www.booking.com/hotel/fr/chatillon.en-gb.html?selected_currency=EUR;Classic Double Room;Chambre Double Classique
https://www.booking.com/hotel/fr/placeclichy.en-gb.html?selected_currency=EUR;Superior Double Room;Chambre Double Supérieure
https://www.booking.com/hotel/fr/community-of-quality.en-gb.html?selected_currency=EUR;Classic Room;Chambre Classique
https://www.booking.com/hotel/fr/courcelles-etoile.en-gb.html?selected_currency=EUR;Chambre Tradition;Chambre Tradition
https://www.booking.com/hotel/fr/dauphinesaintgermain.en-gb.html?selected_currency=EUR;Double Room;Chambre Double
https://www.booking.com/hotel/fr/classicbastille.en-gb.html?selected_currency=EUR;Comfort Room;Chambre Confort
https://www.booking.com/hotel/fr/carina-tour-eiffel.en-gb.html?selected_currency=EUR;Double Room;Chambre Double
https://www.booking.com/hotel/fr/hotusapanorama.en-gb.html?selected_currency=EUR;Double or Twin Room;Chambre Double ou Lits Jumeaux
https://www.booking.com/hotel/fr/first.en-gb.html?selected_currency=EUR;Classic Double Room;Chambre Double Classique
https://www.booking.com/hotel/fr/the-five.en-gb.html?selected_currency=EUR;Classic Double Room;Chambre Double Classique
https://www.booking.com/hotel/fr/france-louvre.en-gb.html?selected_currency=EUR;Standard Room;Chambre Standard
https://www.booking.com/hotel/fr/fred.en-gb.html?selected_currency=EUR;Classic Room;Chambre Classique
https://www.booking.com/hotel/fr/grand-hotel-de-lunivers.en-gb.html?selected_currency=EUR;Classic Double Room;Chambre Double Classique
https://www.booking.com/hotel/fr/grand-de-turin.en-gb.html?selected_currency=EUR;Standard Double Room;Chambre Double Standard
https://www.booking.com/hotel/fr/grandhoteldechampagne.en-gb.html?selected_currency=EUR;Double Room;Chambre Double
https://www.booking.com/hotel/fr/grand-des-gobelins.en-gb.html?selected_currency=EUR;Double Room;Chambre Double
https://www.booking.com/hotel/fr/grand-du-loiret.en-gb.html?selected_currency=EUR;Double Room;Chambre Double
https://www.booking.com/hotel/fr/hotelfrancais.en-gb.html?selected_currency=EUR;Standard Double Room;Chambre Double Standard
https://www.booking.com/hotel/fr/grand-ha-tel-la-c-vaaque.en-gb.html?selected_currency=EUR;Double Room;Chambre Double
https://www.booking.com/hotel/fr/grand-pigalle.en-gb.html?selected_currency=EUR;Superior Room Pigalle;Chambre Supérieure Pigalle
https://www.booking.com/hotel/fr/des-grands-boulevards.en-gb.html?selected_currency=EUR;Classic Double Room - Petit Boulevard;Chambre Double Classique - Petit Boulevard
https://www.booking.com/hotel/fr/petit-palace.en-gb.html?selected_currency=EUR;Double Room with Private Bathroom;Chambre Double avec Salle de Bains Privative
https://www.booking.com/hotel/fr/helussi.en-gb.html?selected_currency=EUR;Superior Double or Twin Room;Chambre Double ou Lits Jumeaux Supérieure
https://www.booking.com/hotel/fr/royal-opera.en-gb.html?selected_currency=EUR;Double Room;Chambre Double
https://www.booking.com/hotel/fr/vingtneuf-lepic.en-gb.html?selected_currency=EUR;Standard Double Room;Chambre Double Standard
https://www.booking.com/hotel/fr/aiglon.en-gb.html?selected_currency=EUR;Cosy Double Room;Chambre Double Cosy
https://www.booking.com/hotel/fr/ha-tel-ambre.en-gb.html?selected_currency=EUR;Double Room;Chambre Double
https://www.booking.com/hotel/fr/americain-paris.en-gb.html?selected_currency=EUR;Double Room;Chambre Double
https://www.booking.com/hotel/fr/hotel-ami-paris.en-gb.html?selected_currency=EUR;Standard Double Room - La bonne Amie;Chambre Double Standard - La bonne Amie
https://www.booking.com/hotel/fr/andrea-paris.en-gb.html?selected_currency=EUR;Double Room;Chambre Double
https://www.booking.com/hotel/fr/ariane-montparnasse.en-gb.html?selected_currency=EUR;Comfort Double Room;Chambre Double Confort
https://www.booking.com/hotel/fr/armoni-paris.en-gb.html?selected_currency=EUR;Standard Double Room;Chambre Double Standard
https://www.booking.com/hotel/fr/arvor.en-gb.html?selected_currency=EUR;Classic Room;Chambre Classique
https://www.booking.com/hotel/fr/ascot.en-gb.html?selected_currency=EUR;Double Room with Bath;Chambre Double avec Baignoire
https://www.booking.com/hotel/fr/aston-paris.en-gb.html?selected_currency=EUR;Standard Double Room;Chambre Double Standard
https://www.booking.com/hotel/fr/au-coeur-des-arts-et-metiers.en-gb.html?selected_currency=EUR;Double Room with Courtyard View;Chambre Double - Vue sur Rue
https://www.booking.com/hotel/fr/prony.en-gb.html?selected_currency=EUR;Double Room with Street View;Chambre Double avec Vue sur Rue
https://www.booking.com/hotel/fr/avenir-jonquiere.en-gb.html?selected_currency=EUR;Double Room with Private Bathroom;Chambre Double avec Salle de Bains Privative
https://www.booking.com/hotel/fr/aviatic.en-gb.html?selected_currency=EUR;Double Room;Chambre Double
https://www.booking.com/hotel/fr/b55-paris12.en-gb.html?selected_currency=EUR;Double or Twin Room;Chambre Double ou Lits Jumeaux
https://www.booking.com/hotel/fr/bachaumont.en-gb.html?selected_currency=EUR;Classic Room;Chambre Classique
https://www.booking.com/hotel/fr/hotelbaldi.en-gb.html?selected_currency=EUR;Standard Double Room;Chambre Double Standard
https://www.booking.com/hotel/fr/bastille-speria.en-gb.html?selected_currency=EUR;Double Room;Chambre Double
https://www.booking.com/hotel/fr/baudelaire-opera.en-gb.html?selected_currency=EUR;Standard Double Room;Chambre Double Standard
https://www.booking.com/hotel/fr/beaubourg.en-gb.html?selected_currency=EUR;Classic Double Room;Chambre Double Classique
https://www.booking.com/hotel/fr/beaugrenelletoureiffel.en-gb.html?selected_currency=EUR;Comfort Double or Twin Room;Chambre Double ou Lits Jumeaux Confort
https://www.booking.com/hotel/fr/hotel-beaurepaire.en-gb.html?selected_currency=EUR;Classic Double or Twin Room;Chambre Double ou Lits Jumeaux Classique
https://www.booking.com/hotel/fr/beausejour-paris.en-gb.html?selected_currency=EUR;Standard Double Room;Chambre Double Standard
https://www.booking.com/hotel/fr/bellevue-montmartre.en-gb.html?selected_currency=EUR;Double Room;Chambre Double
https://www.booking.com/hotel/fr/belloy.en-gb.html?selected_currency=EUR;Standard Double Room;Chambre Double Standard
https://www.booking.com/hotel/fr/anjou.en-gb.html?selected_currency=EUR;Classic Queen Room;Chambre Lit Queen-Size Classique
https://www.booking.com/hotel/fr/botaniste.en-gb.html?selected_currency=EUR;Superior Double or Twin Room - Jasmin;Chambre Double ou Lits Jumeaux Supérieure - Jasmin
https://www.booking.com/hotel/fr/bourg-tibourg-paris.en-gb.html?selected_currency=EUR;Double Room;Chambre Double
https://www.booking.com/hotel/fr/britannique-paris.en-gb.html?selected_currency=EUR;Classic Room;Chambre Classique
https://www.booking.com/hotel/fr/hotelbrittanyparis.en-gb.html?selected_currency=EUR;Cosy Double;Chambre Double Confortable
https://www.booking.com/hotel/fr/cactus.en-gb.html?selected_currency=EUR;Double Room;Chambre Double
https://www.booking.com/hotel/fr/centralsaintgermain.en-gb.html?selected_currency=EUR;Comfort Double Room;Chambre Double Confort
https://www.booking.com/hotel/fr/chabrol-opera.en-gb.html?selected_currency=EUR;Double Room;Chambre Double
https://www.booking.com/hotel/fr/champerretelysees.en-gb.html?selected_currency=EUR;Standard Double Room;Chambre Double Standard
https://www.booking.com/hotel/fr/hotel-chaplain.en-gb.html?selected_currency=EUR;Classic Room;Chambre Classique
https://www.booking.com/hotel/fr/choiseul-opera.en-gb.html?selected_currency=EUR;Standard Double Room;Chambre Double Standard
https://www.booking.com/hotel/fr/ha-tel-clairefontaine.en-gb.html?selected_currency=EUR;Comfort Double Room;Chambe Double
https://www.booking.com/hotel/fr/claude-bernard-saint-germain.en-gb.html?selected_currency=EUR;Double;Chambe Double
https://www.booking.com/hotel/fr/clunysquareparis.en-gb.html?selected_currency=EUR;Double Room;Chambre Double
https://www.booking.com/hotel/fr/cosmotel.en-gb.html?selected_currency=EUR;Double Room;Chambre Double
https://www.booking.com/hotel/fr/coypel.en-gb.html?selected_currency=EUR;Standard Double Room;Chambre Double Standard
https://www.booking.com/hotel/fr/d-amiens.html?selected_currency=EUR;Double Room;Chambre Double
https://www.booking.com/hotel/fr/d-espagne-paris.en-gb.html?selected_currency=EUR;Comfort Double or Twin Room;Chambre Double ou Lits Jumeaux Confort
https://www.booking.com/hotel/fr/daunou-opera.en-gb.html?selected_currency=EUR;Standard Double;Hébergement Double Standard
https://www.booking.com/hotel/fr/daval.en-gb.html?selected_currency=EUR;Double Room;Chambre Double
https://www.booking.com/hotel/fr/hoteldebanvilleparis.en-gb.html?selected_currency=EUR;Classic Double or Twin Room;Chambre Double ou Lits Jumeaux Supérieure
https://www.booking.com/hotel/fr/hotel-charonne-paris.en-gb.html?selected_currency=EUR;Double Room;Chambre Double
https://www.booking.com/hotel/fr/de-france-quartier-latin.en-gb.html?selected_currency=EUR;Double Room;Chambre Double
https://www.booking.com/hotel/fr/de-l-avre.en-gb.html?selected_currency=EUR;Standard Double Room;Chambre Double Standard
https://www.booking.com/hotel/fr/de-l-empereir.en-gb.html?selected_currency=EUR;Classic Double Room;Chambre Double Classique
https://www.booking.com/hotel/fr/de-l-39-esperance.en-gb.html?selected_currency=EUR;Double Room;Chambre Double
https://www.booking.com/hotel/fr/de-l-exposition.en-gb.html?selected_currency=EUR;Double Room;Chambre Double
https://www.booking.com/hotel/fr/de-l-exposition-tour-eiffel.en-gb.html?selected_currency=EUR;Classic Double Room;Chambre Double Classique
https://www.booking.com/hotel/fr/de-la-bretonnerie.en-gb.html?selected_currency=EUR;Classic Double Room;Chambre Double Classique
https://www.booking.com/hotel/fr/la-herse-d-or.en-gb.html?selected_currency=EUR;Comfort Double Room;Chambre Double Supérieure
https://www.booking.com/hotel/fr/citotel-de-la-place-des-alpes.en-gb.html?selected_currency=EUR;Standard Double Room;Chambre Double Standard
https://www.booking.com/hotel/fr/hoteltoureiffel.en-gb.html?selected_currency=EUR;Double Room;Chambre Double
https://www.booking.com/hotel/fr/hoteldeneuville.en-gb.html?selected_currency=EUR;Classic Double Room;Chambre Double Classique
https://www.booking.com/hotel/fr/de-nice.en-gb.html?selected_currency=EUR;Double or Twin Room;Chambre Double ou Lits Jumeaux
https://www.booking.com/hotel/fr/de-paris-montmartre.en-gb.html?selected_currency=EUR;Double Room;Chambre Double
https://www.booking.com/hotel/fr/de-roubaix.en-gb.html?selected_currency=EUR;Double Room;Chambre Double
https://www.booking.com/hotel/fr/de-suez.en-gb.html?selected_currency=EUR;Classic Double Room;Chambre Double Classique
https://www.booking.com/hotel/fr/poussins.en-gb.html?selected_currency=EUR;Standard Double or Twin Room;Chambre Double ou Lits Jumeaux Standard
https://www.booking.com/hotel/fr/hotel-des-arts-bastille.en-gb.html?selected_currency=EUR;Double Room;Chambre Double
https://www.booking.com/hotel/fr/des-bains-paris.en-gb.html?selected_currency=EUR;Double Room;Chambre Double
https://www.booking.com/hotel/fr/des-carmes-paris.en-gb.html?selected_currency=EUR;Classic Double Room;Chambre Double Classique
https://www.booking.com/hotel/fr/des-coma-c-dies.en-gb.html?selected_currency=EUR;Double or Twin Room;Chambre Double ou Lits Jumeaux
https://www.booking.com/hotel/fr/hoteldesducsdanjou.en-gb.html?selected_currency=EUR;Standard Double Room;Chambre Double Standard
https://www.booking.com/hotel/fr/des-arts-paris.en-gb.html?selected_currency=EUR;Classic Double Room;Chambre Double Classique
https://www.booking.com/hotel/fr/de-mericourt.en-gb.html?selected_currency=EUR;Double Room;Chambre Double
https://www.booking.com/hotel/fr/diana-paris.en-gb.html?selected_currency=EUR;Double Room;Chambre Double
https://www.booking.com/hotel/fr/du-college-de-france.en-gb.html?selected_currency=EUR;Classic Double Room;Chambre Double Classique
https://www.booking.com/hotel/fr/du-levant.en-gb.html?selected_currency=EUR;Comfort Double Room;Chambre Double Confort
https://www.booking.com/hotel/fr/du-maine.en-gb.html?selected_currency=EUR;Premium Room;Chambre Supérieure
https://www.booking.com/hotel/fr/du-midi-paris.en-gb.html?selected_currency=EUR;Standard Double Room;Chambre Double Standard
https://www.booking.com/hotel/fr/hotel-plat-etain.en-gb.html?selected_currency=EUR;Double Room;Chambre Double
https://www.booking.com/hotel/fr/hoteldupre.en-gb.html?selected_currency=EUR;Double Room;Chambre Double
https://www.booking.com/hotel/fr/du-prince-eugene.en-gb.html?selected_currency=EUR;Standard Double Room;Chambre Double Standard
https://www.booking.com/hotel/fr/du-quai-de-seine.en-gb.html?selected_currency=EUR;Double Room;Chambre Double
https://www.booking.com/hotel/fr/du-vieux-saule.en-gb.html?selected_currency=EUR;Classic Double Room;Chambre Double Classique
https://www.booking.com/hotel/fr/ha-tel-edgar.en-gb.html?selected_currency=EUR;Standard Double Room;Chambre Double Standard
https://www.booking.com/hotel/fr/eiffelcapitol.en-gb.html?selected_currency=EUR;Double Room;Chambre Double
https://www.booking.com/hotel/fr/eiffel-rive-gauche.en-gb.html?selected_currency=EUR;Standard Double Room (2 persons );Chambre Double Standard (2 personnes )
https://www.booking.com/hotel/fr/mercure-paris-saint-charles.en-gb.html?selected_currency=EUR;Classic Double Room;Chambre Double Classique
https://www.booking.com/hotel/fr/eiffel-segur.en-gb.html?selected_currency=EUR;Superior Double Room;Chambre Double supérieure
https://www.booking.com/hotel/fr/mama-shelter-lille.en-gb.html?selected_currency=EUR;Small Standard Double Room;Small Standard Double Room
https://www.booking.com/hotel/fr/calm-apparthotel.en-gb.html?selected_currency=EUR;Standard Apartment double bed;Standard Apartment double bed
https://www.booking.com/hotel/fr/de-la-paix-lille.en-gb.html?selected_currency=EUR;Double Room with Shower;Double Room with Shower
https://www.booking.com/hotel/fr/hoteldelatreillelille.en-gb.html?selected_currency=EUR;Double Room;Double Room
https://www.booking.com/hotel/fr/k.en-gb.html?selected_currency=EUR;Cosy Room;Cosy Room
https://www.booking.com/hotel/fr/ibis-styles-lille-grand-place.en-gb.html?selected_currency=EUR;Standard Double Room;Standard Double Room
https://www.booking.com/hotel/fr/flandre-angleterre.en-gb.html?selected_currency=EUR;Superior Double Room;Superior Double Room
https://www.booking.com/hotel/fr/aupatiomorand.en-gb.html?selected_currency=EUR;Comfort Double Room;Comfort Double Room
https://www.booking.com/hotel/fr/bayard-bellecour.html?selected_currency=EUR;Comfort Double Room;Comfort Double Room
https://www.booking.com/hotel/fr/des-artistes.en-gb.html?selected_currency=EUR;Standard Double Room;Standard Double Room
https://www.booking.com/hotel/fr/hoteldesrempartsperrache.en-gb.html?selected_currency=EUR;Classic Double Room;Classic Double Room
https://www.booking.com/hotel/fr/hoteldessavoies.html?selected_currency=EUR;Classic Double or Twin Room;Classic Double or Twin Room
https://www.booking.com/hotel/fr/du-simplon.en-gb.html?selected_currency=EUR;Superior Double Room;Superior Double Room
https://www.booking.com/hotel/fr/saint-vincent-lyon.en-gb.html?selected_currency=EUR;Double Room;Double Room
https://www.booking.com/hotel/fr/berlioz-lyon.en-gb.html?selected_currency=EUR;Standard Double Room;Standard Double Room
https://www.booking.com/hotel/fr/republik.en-gb.html?selected_currency=EUR;Classic Double Room;Classic Double Room
https://www.booking.com/hotel/fr/alex.en-gb.html?selected_currency=EUR;Deluxe Double Room;Deluxe Double Room
https://www.booking.com/hotel/fr/hotel-mascotte-vieux-port.en-gb.html?selected_currency=EUR;Comfort Double Room;Comfort Double Room
https://www.booking.com/hotel/fr/le-m-marseille1.en-gb.html?selected_currency=EUR;Double Room;Double Room
https://www.booking.com/hotel/fr/alize.en-gb.html?selected_currency=EUR;Cocoon Double Room;Cocoon Double Room
https://www.booking.com/hotel/fr/montgrand.en-gb.html?selected_currency=EUR;Standard Double Room;Standard Double Room
https://www.booking.com/hotel/fr/ha-tel-marseille-vieux-port.en-gb.html?selected_currency=EUR;Standard Double Room;Standard Double Room
https://www.booking.com/hotel/fr/saint-louis.en-gb.html?selected_currency=EUR;Comfort Room;Comfort Room
https://www.booking.com/hotel/fr/ibis-styles-marseille-vieux-port.en-gb.html?selected_currency=EUR;Standard Double Room;Standard Double Room
https://www.booking.com/hotel/fr/relaiseiffelgrenelle.en-gb.html?selected_currency=EUR;Classic Double Room;Chambre Double Classique
https://www.booking.com/hotel/fr/eldorado-paris.en-gb.html?selected_currency=EUR;Double Room;Chambre Double
https://www.booking.com/hotel/fr/louvre-rivoli.en-gb.html?selected_currency=EUR;Double Room;Chambre Double
https://www.booking.com/hotel/fr/eugenie.en-gb.html?selected_currency=EUR;Standard Double Room;Chambre Double Standard
https://www.booking.com/hotel/fr/exquis-by-elegancia.en-gb.html?selected_currency=EUR;Small Double Room;Petite Chambre Double
https://www.booking.com/hotel/fr/france-eiffel.en-gb.html?selected_currency=EUR;Standard Double Room;Chambre Double Standard
https://www.booking.com/hotel/fr/graslin.en-gb.html?selected_currency=EUR;Comfort Queen Room with Air Condition;Comfort Queen Room with Air Condition
https://www.booking.com/hotel/fr/inter-astoria.en-gb.html?selected_currency=EUR;Standard Double Room;Standard Double Room
https://www.booking.com/hotel/fr/cholet.en-gb.html?selected_currency=EUR;Classic Double Room;Classic Double Room
https://www.booking.com/hotel/fr/ibis-styles-nantes-centre-place-graslin.en-gb.html?selected_currency=EUR;Standard Double Room;Standard Double Room
https://www.booking.com/hotel/fr/l-nantes.en-gb.html?selected_currency=EUR;Standard Double Room;Standard Double Room
https://www.booking.com/hotel/fr/bestwesternnewyrokinnice.en-gb.html?selected_currency=EUR;Classic Double Room;Classic Double Room
https://www.booking.com/hotel/fr/hotelarianice.en-gb.html?selected_currency=EUR;Standard Double Room;Chambre Double Standard
https://www.booking.com/hotel/fr/1-med.en-gb.html?selected_currency=EUR;Small Standard Double Room;Small Standard Double Room
https://www.booking.com/hotel/fr/fontaine.en-gb.html?selected_currency=EUR;Standard Double or Twin Room - Street Side;Standard Double or Twin Room - Street Side
https://www.booking.com/hotel/fr/midisecond.en-gb.html?selected_currency=EUR;Double Room;Double Room
https://www.booking.com/hotel/fr/florence.en-gb.html?selected_currency=EUR;Double Room;Double Room
https://www.booking.com/hotel/fr/nouvel.en-gb.html?selected_currency=EUR;Standard Double Room;Standard Double Room
https://www.booking.com/hotel/fr/kent.en-gb.html?selected_currency=EUR;Classique Room;Classique Room
https://www.booking.com/hotel/fr/crillon.en-gb.html?selected_currency=EUR;Double Room;Double Room
https://www.booking.com/hotel/fr/hotel-soco-by-happyculture.en-gb.html?selected_currency=EUR;Double Room;Double Room
https://www.booking.com/hotel/fr/gaillon123.en-gb.html?selected_currency=EUR;Standard Double Room;Chambre Double Standard
https://www.booking.com/hotel/fr/carofftel-gobelins.en-gb.html?selected_currency=EUR;Twin Room;Chambre Double
https://www.booking.com/hotel/it/gaston.en-gb.html?selected_currency=EUR;Double Room;Chambre Double
https://www.booking.com/hotel/fr/george-opera.en-gb.html?selected_currency=EUR;Standard Twin Room;Chambre Double Standard
https://www.booking.com/hotel/fr/arleytoureiffelparis.en-gb.html?selected_currency=EUR;Classic Double Room;Chambre Double Classique
https://www.booking.com/hotel/fr/habituel.en-gb.html?selected_currency=EUR;Double Room;Chambre Double
https://www.booking.com/hotel/fr/hotel-henriette.en-gb.html?selected_currency=EUR;Classic Double Room;Chambre Double Classique
https://www.booking.com/hotel/fr/hor-les-lumieres.en-gb.html?selected_currency=EUR;Double Room;Chambre Double
https://www.booking.com/hotel/fr/hotel-horset-opera.en-gb.html?selected_currency=EUR;Classic Queen Room;Chambre Lit Queen-Size Classique
https://www.booking.com/hotel/fr/icone.en-gb.html?selected_currency=EUR;Classic Double Room;Chambre Double Classique
https://www.booking.com/hotel/fr/hotelistria.en-gb.html?selected_currency=EUR;Standard Double Room;Chambre Double Standard
https://www.booking.com/hotel/fr/hotel-jacques-de-molay.en-gb.html?selected_currency=EUR;Superior Double Room;Chambre Double Supérieure
https://www.booking.com/hotel/fr/jardin-le-brea.en-gb.html?selected_currency=EUR;Classic Double Room;Chambre Double Classique
https://www.booking.com/hotel/fr/joyce.en-gb.html?selected_currency=EUR;Standard Twin Room;Chambre Double Standard
https://www.booking.com/hotel/fr/idealhotel.en-gb.html?selected_currency=EUR;Double Room;Chambre Double
https://www.booking.com/hotel/fr/le-villiers.en-gb.html?selected_currency=EUR;Double Room;Chambre Double
https://www.booking.com/hotel/fr/eiffel-atlantique.en-gb.html?selected_currency=EUR;Double Room;Chambre Double
https://www.booking.com/hotel/fr/l-39-antoine.en-gb.html?selected_currency=EUR;Classic Double Room;Chambre Double ou Lits Jumeaux Supérieure
https://www.booking.com/hotel/fr/hotel-la-comtesse-by-elegancia.en-gb.html?selected_currency=EUR;Double Room Baronne - Eiffel Tower Side View;Chambre Double Baronne - Vue Latérale sur Tour Eiffel
https://www.booking.com/hotel/fr/beaugency.en-gb.html?selected_currency=EUR;Double Room;Chambre Double
https://www.booking.com/hotel/fr/le-chat-noir.en-gb.html?selected_currency=EUR;Double or Twin Room;Chambre Double ou Lits Jumeaux
https://www.booking.com/hotel/fr/le-clos-d-ala-c-sia.en-gb.html?selected_currency=EUR;Double Room;Chambre Double
https://www.booking.com/hotel/fr/le-compostelle.en-gb.html?selected_currency=EUR;Double Room with Shower;Chambre Double avec Douche
https://www.booking.com/hotel/fr/le-regent-paris.en-gb.html?selected_currency=EUR;Standard Double Room;Chambre Double Standard
https://www.booking.com/hotel/fr/le-rive-gauche.en-gb.html?selected_currency=EUR;Classic Double Room;Chambre Double Classique
https://www.booking.com/hotel/fr/hotel-left-bank.en-gb.html?selected_currency=EUR;Standard Double Room;Chambre Double Standard
https://www.booking.com/hotel/fr/les-bulles-de-paris.en-gb.html?selected_currency=EUR;Classic Double or Twin Room;Chambre Double ou Lits Jumeaux Classique
https://www.booking.com/hotel/fr/les-theatres.en-gb.html?selected_currency=EUR;Classic Double Room;Chambre Double Classique
https://www.booking.com/hotel/fr/lilas-blanc.en-gb.html?selected_currency=EUR;Standard Double Room;Chambre Double
https://www.booking.com/hotel/fr/london.en-gb.html?selected_currency=EUR;Superior Double Room;Chambre Double Supérieure
https://www.booking.com/hotel/fr/hotel-chenier.en-gb.html?selected_currency=EUR;Double Room;Chambre Double
https://www.booking.com/hotel/fr/malar-paris.en-gb.html?selected_currency=EUR;Double Room;Chambre Double
https://www.booking.com/hotel/fr/ha-marais.en-gb.html?selected_currency=EUR;Classic Double Room;Chambre Double Classique
https://www.booking.com/hotel/fr/jardindalesia.en-gb.html?selected_currency=EUR;Classic Double Room;Chambre Double Classique
https://www.booking.com/hotel/fr/maxim-quartier-latin.en-gb.html?selected_currency=EUR;Classic Double Room;Chambre Double Classique
https://www.booking.com/hotel/fr/ha-tel-mazagran.en-gb.html?selected_currency=EUR;Standard Double Room;Chambre Double Standard
https://www.booking.com/hotel/fr/meslay-republique.en-gb.html?selected_currency=EUR;Standard Double Room;Chambre Double Standard
https://www.booking.com/hotel/fr/mirabeau-eiffel.en-gb.html?selected_currency=EUR;Classic Double Room;Chambre Double Classique
https://www.booking.com/hotel/fr/miramar-paris.en-gb.html?selected_currency=EUR;Double Room;Chambre Double
https://www.booking.com/hotel/fr/mistral-paris.en-gb.html?selected_currency=EUR;Comfort Double Room;Chambre Double Confort
https://www.booking.com/hotel/fr/hotel-du-mont-dore.en-gb.html?selected_currency=EUR;Standard Double Room;Chambre Double Standard
https://www.booking.com/hotel/fr/montecristo-paris.en-gb.html?selected_currency=EUR;Superior Double or Twin room with pool access;Chambre Double Classique avec Accès Piscine
https://www.booking.com/hotel/fr/hotel-monterosa.en-gb.html?selected_currency=EUR;Standard Double Room;Chambre Double Standard
https://www.booking.com/hotel/fr/moulin-plaza.en-gb.html?selected_currency=EUR;Classic Double Room;Chambre Double Classique
https://www.booking.com/hotel/fr/muguet.en-gb.html?selected_currency=EUR;Classic Double Room;Chambre Double Classique
https://www.booking.com/hotel/fr/neptune-paris.en-gb.html?selected_currency=EUR;Double Room;Chambre Double
https://www.booking.com/hotel/fr/lodeon.en-gb.html?selected_currency=EUR;Classic Double Room;Chambre Double Classique
https://www.booking.com/hotel/fr/odessa-montparnasse.en-gb.html?selected_currency=EUR;Classic Room;Chambre Classique
https://www.booking.com/hotel/fr/hotel-ohm-by-happyculture.en-gb.html?selected_currency=EUR;Double Room;Chambre Double
https://www.booking.com/hotel/fr/de-l-orchidee.en-gb.html?selected_currency=EUR;Double Room with Street View;Chambre Double avec Vue sur Rue
https://www.booking.com/hotel/fr/hotelorpheeparis.en-gb.html?selected_currency=EUR;Classic Double Room;Chambre Double Classique
https://www.booking.com/hotel/fr/paix-republique.en-gb.html?selected_currency=EUR;Classic Double Room;Chambre Double Classique
https://www.booking.com/hotel/fr/best-western-de-weha.en-gb.html?selected_currency=EUR;Standard Double Room;Chambre Double Standard
https://www.booking.com/hotel/fr/hotelparisvillette.en-gb.html?selected_currency=EUR;Double Room;Chambre Double
https://www.booking.com/hotel/fr/poussin.en-gb.html?selected_currency=EUR;Single Room;Chambre Double ou Lits Jumeaux
https://www.booking.com/hotel/fr/puy-dome.en-gb.html?selected_currency=EUR;Standard Double Room;Chambre Double Standard
https://www.booking.com/hotel/fr/raspail-montparnasse.en-gb.html?selected_currency=EUR;Classic Double Room;Chambre Double Classique
https://www.booking.com/hotel/fr/hotregencepar.en-gb.html?selected_currency=EUR;Double Room;Chambre Double
https://www.booking.com/hotel/fr/rendez-vous-batignolles.en-gb.html?selected_currency=EUR;Comfort Double Room;Chambre Double Confort
https://www.booking.com/hotel/fr/saint-dominique.en-gb.html?selected_currency=EUR;Comfort Double Room;Chambre Double Confort
https://www.booking.com/hotel/fr/saint-honore.en-gb.html?selected_currency=EUR;CLASSIC Double Room – Courtyard View;CLASSIC Double Room – Courtyard View
https://www.booking.com/hotel/fr/hotelatlantide.en-gb.html?selected_currency=EUR;Classic Double Room;Chambre Double Classique
https://www.booking.com/hotel/fr/ha-tel-st-pierre.en-gb.html?selected_currency=EUR;Double Room;Chambre Double
https://www.booking.com/hotel/fr/sophie-germain.en-gb.html?selected_currency=EUR;Double Room;Chambre Double
https://www.booking.com/hotel/fr/splendid-paris.en-gb.html?selected_currency=EUR;Standard Double Room;Chambre Double Standard
https://www.booking.com/hotel/fr/sunny.en-gb.html?selected_currency=EUR;Double Room;Chambre Double
https://www.booking.com/hotel/fr/tilde.en-gb.html?selected_currency=EUR;Standard Double or Twin Room;Chambre Double ou Lits Jumeaux Standard
https://www.booking.com/hotel/fr/ha-tel-transcontinental.en-gb.html?selected_currency=EUR;Standard Double Room;Chambre Double Standard
https://www.booking.com/hotel/fr/ha-tel-vic-eiffel.en-gb.html?selected_currency=EUR;Classic Double Room;Chambre Double Classique
https://www.booking.com/hotel/fr/victoria-chatelet.en-gb.html?selected_currency=EUR;Double Room;Chambre Double
https://www.booking.com/hotel/fr/ha-tel-villa-boha-me.en-gb.html?selected_currency=EUR;Comfort Double Room;Chambre Double Confort
https://www.booking.com/hotel/fr/nicolo.en-gb.html?selected_currency=EUR;Standard Room;Chambre Standard
https://www.booking.com/hotel/fr/william-s-opera.en-gb.html?selected_currency=EUR;Double Room;Chambre Double
https://www.booking.com/hotel/fr/modernestgermain.en-gb.html?selected_currency=EUR;Superior Double Room;Chambre Double Supérieure
https://www.booking.com/hotel/fr/ylleneiffel.en-gb.html?selected_currency=EUR;Classic Double Room;Chambre Double Classique
https://www.booking.com/hotel/fr/ibis-styles-paris-alesia-montparnasse.en-gb.html?selected_currency=EUR;Double Room;Chambre Double
https://www.booking.com/hotel/fr/relaiscambronne.en-gb.html?selected_currency=EUR;Standard Queen Room;Chambre Standard Lit Queen-Size
https://www.booking.com/hotel/fr/jack-s.en-gb.html?selected_currency=EUR;Classic Double Room;Chambre Double Classique
https://www.booking.com/hotel/fr/hotel-cyrnos.en-gb.html?selected_currency=EUR;Double Room;Chambre Double
https://www.booking.com/hotel/fr/pavilliondemontmartre.en-gb.html?selected_currency=EUR;Double Room;Chambre Double
https://www.booking.com/hotel/fr/marcel-paris.en-gb.html?selected_currency=EUR;Standard Double Room;Chambre Double Standard
https://www.booking.com/hotel/fr/villaroyale.en-gb.html?selected_currency=EUR;Classic Double Room;Chambre Double Classique
https://www.booking.com/hotel/fr/le-clark.en-gb.html?selected_currency=EUR;Standard Double or Twin Room;Chambre Double ou Lits Jumeaux Standard
https://www.booking.com/hotel/fr/le-glams-hotel.en-gb.html?selected_currency=EUR;Double or Twin Room;Chambre Double ou Lits Jumeaux
https://www.booking.com/hotel/fr/grey.en-gb.html?selected_currency=EUR;Superior Double or Twin Room;Chambre Double ou Lits Jumeaux Supérieure
https://www.booking.com/hotel/fr/le-katorze.en-gb.html?selected_currency=EUR;Double Room;Chambre Double
https://www.booking.com/hotel/fr/ramada-paris-toureiffel.en-gb.html?selected_currency=EUR;Double or Twin Room courtyard view or street View;Chambre Double ou Lits Jumeaux - Vue sur Cour ou sur Rue
https://www.booking.com/hotel/fr/original-paris.en-gb.html?selected_currency=EUR;Double Room with Sauna Access;Chambre Double avec Accès Sauna
https://www.booking.com/hotel/fr/le-pigalle-paris2.en-gb.html?selected_currency=EUR;Standard Double Room Pigalle 15;Chambre Double Standard Pigalle 15
https://www.booking.com/hotel/fr/le-relais-du-marais.en-gb.html?selected_currency=EUR;Double or Twin Room;Chambre Double ou Lits Jumeaux
https://www.booking.com/hotel/fr/le-trente.en-gb.html?selected_currency=EUR;Standard Single Room;Chambre Double Standard
https://www.booking.com/hotel/fr/libertel-austerlitz.en-gb.html?selected_currency=EUR;Cosy Double Room;Chambre Double Confort
https://www.booking.com/hotel/fr/libertel-suede-gare-du-nord.en-gb.html?selected_currency=EUR;Comfort Double;Chambre Double Confort
https://www.booking.com/hotel/fr/sevres-montparnasse.en-gb.html?selected_currency=EUR;Standard Double Room;Chambre Double Standard
https://www.booking.com/hotel/fr/marsollier.en-gb.html?selected_currency=EUR;Double Room;Chambre Double
https://www.booking.com/hotel/fr/hotelinnova.en-gb.html?selected_currency=EUR;Superior Double or Twin Room;Chambre Double ou Lits Jumeaux Supérieure
https://www.booking.com/hotel/fr/best-western-eiffel-cambronne.en-gb.html?selected_currency=EUR;Superior Queen Room;Chambre Supérieure Lit Queen-Size
https://www.booking.com/hotel/fr/bestwesternaxelopera.en-gb.html?selected_currency=EUR;Classic Double or Twin Room;Chambre Double ou Lits Jumeaux Classique
https://www.booking.com/hotel/fr/maison-du-pre.en-gb.html?selected_currency=EUR;Double Room;Chambre Double
https://www.booking.com/hotel/fr/trema.en-gb.html?selected_currency=EUR;Small Double Room;Petite Chambre Double
https://www.booking.com/hotel/fr/mary-s.en-gb.html?selected_currency=EUR;Standard Double Room;Chambre Double Standard
https://www.booking.com/hotel/fr/tournotredame.en-gb.html?selected_currency=EUR;Classic Double Room;Chambre Double Classique
https://www.booking.com/hotel/fr/paris-place-d-italie.en-gb.html?selected_currency=EUR;Classic Â Double Room;Classic Â Double Room
https://www.booking.com/hotel/fr/mercure-paris-tour-eiffel-pont-mirabeau.en-gb.html?selected_currency=EUR;Classic Â Double Room;Classic Â Double Room
https://www.booking.com/hotel/fr/aris-nord.en-gb.html?selected_currency=EUR;Comfort Double Room;Chambre Double Confort
https://www.booking.com/hotel/fr/mom-39-art.en-gb.html?selected_currency=EUR;Double Room La Bourgeoise;Chambre Double La Bourgeoise
https://www.booking.com/hotel/fr/nord-est.en-gb.html?selected_currency=EUR;Superior Double Room;Chambre Double Supérieure
https://www.booking.com/hotel/fr/de-l-ill.en-gb.html?selected_currency=EUR;Standard Double Room;Chambre Double Standard
https://www.booking.com/hotel/fr/graffalgar.en-gb.html?selected_currency=EUR;Double Room;Chambre Double
https://www.booking.com/hotel/fr/hotel-restaurant-au-cerf-d-or.html?selected_currency=EUR;Superior Double Room;Chambre Double Supérieure
https://www.booking.com/hotel/fr/hotelauxtroisroses.en-gb.html?selected_currency=EUR;Double Room;Chambre Double
https://www.booking.com/hotel/fr/saintaugustinstrasbourg.html?selected_currency=EUR;Double Room;Chambre Double
https://www.booking.com/hotel/fr/suisse-strasbourg.html?selected_currency=EUR;Cosy Double Room with Cathedral View;Chambre Double Cosy - Vue sur Cathédrale
https://www.booking.com/hotel/fr/ha-tel-venda-me.en-gb.html?selected_currency=EUR;Double Room;Chambre Double
https://www.booking.com/hotel/fr/hotelvictoria.en-gb.html?selected_currency=EUR;Standard Double Room;Chambre Double Standard
https://www.booking.com/hotel/fr/ibis-styles-strasbourg-gare.en-gb.html?selected_currency=EUR;Standard Double Room;Chambre Double Standard
https://www.booking.com/hotel/fr/choicehotelscomfortinncenter.en-gb.html?selected_currency=EUR;Standard Room with 1 Double Bed;Chambre Standard avec 1 Lit Double
https://www.booking.com/hotel/fr/le-kleber.en-gb.html?selected_currency=EUR;Superior Double Room;Chambre Double Supérieure
https://www.booking.com/hotel/fr/nouvel-hotel-eiffel.en-gb.html?selected_currency=EUR;Double Room;Chambre Double
https://www.booking.com/hotel/fr/odeon-paris.en-gb.html?selected_currency=EUR;Classic Double Room;Chambre Double Classique
https://www.booking.com/hotel/fr/hotel-paris-bastille.en-gb.html?selected_currency=EUR;Double or Twin Room;Chambre Double ou Lits Jumeaux
https://www.booking.com/hotel/fr/platine-hotel.en-gb.html?selected_currency=EUR;Classic Double or Twin Room;Chambre Double ou Lits Jumeaux Classique
https://www.booking.com/hotel/fr/port-royal-paris1.en-gb.html?selected_currency=EUR;Double Room with Shared Bathroom and Shared WC;Chambre Double Standard
https://www.booking.com/hotel/fr/reims.en-gb.html?selected_currency=EUR;Double Room;Chambre Double
https://www.booking.com/hotel/fr/relais-du-pre.en-gb.html?selected_currency=EUR;Double Room;Chambre Double
https://www.booking.com/hotel/fr/des-boulevards.en-gb.html?selected_currency=EUR;Deluxe Studio;Studio Deluxe
https://www.booking.com/hotel/fr/hotelalberttoulouse.en-gb.html?selected_currency=EUR;Comfort Double Room;Comfort Double Room
https://www.booking.com/hotel/fr/cousture.en-gb.html?selected_currency=EUR;Standard Double Room;Standard Double Room
https://www.booking.com/hotel/fr/ha-tel-le-pa-re-la-c-on.en-gb.html?selected_currency=EUR;Double Room;Double Room
https://www.booking.com/hotel/fr/raymondiv.en-gb.html?selected_currency=EUR;Classic Double Room;Classic Double Room
https://www.booking.com/hotel/fr/comforthotelleclocherderodez.en-gb.html?selected_currency=EUR;Classic Double Room;Classic Double Room
https://www.booking.com/hotel/fr/albiontoulouse.en-gb.html?selected_currency=EUR;Double Standard;Double Standard
https://www.booking.com/hotel/fr/residhotel-toulouse-centre.en-gb.html?selected_currency=EUR;Studio;Studio
https://www.booking.com/hotel/fr/rose-bourbon.en-gb.html?selected_currency=EUR;Classic Double Room;Chambre Double Classique
https://www.booking.com/hotel/fr/hotelsaintgeorgeslafayette.en-gb.html?selected_currency=EUR;Double Room;Chambre Double
https://www.booking.com/hotel/fr/opera-frochot.en-gb.html?selected_currency=EUR;Queen Room;Chambre Lit Queen-Size
https://www.booking.com/hotel/fr/source.en-gb.html?selected_currency=EUR;Standard Double Room;Chambre Double Standard
https://www.booking.com/hotel/fr/inter-lecourbe.en-gb.html?selected_currency=EUR;Standard Double Room;Chambre Double Standard
https://www.booking.com/hotel/fr/bestwesterntoureiffelmaubourg.en-gb.html?selected_currency=EUR;Comfort Double or Twin Room;Chambre Double ou Lits Jumeaux Confort
https://www.booking.com/hotel/fr/timmontmartre.en-gb.html?selected_currency=EUR;Comfort Double Room;Chambre Double Confort
https://www.booking.com/hotel/fr/timpalaisroyallouvre.en-gb.html?selected_currency=EUR;Comfort Twin Room;Chambre Double Confort
https://www.booking.com/hotel/fr/timhotel-paris-du-gare-du-nord.en-gb.html?selected_currency=EUR;Double Room;Chambre Double
https://www.booking.com/hotel/fr/elysee-montparnasse.en-gb.html?selected_currency=EUR;Comfort Double Room;Chambre Double Confort
https://www.booking.com/hotel/fr/verlain.en-gb.html?selected_currency=EUR;Double Room;Chambre Double
https://www.booking.com/hotel/fr/victoiresopera.en-gb.html?selected_currency=EUR;Classic Double Room;Chambre Double Classique
https://www.booking.com/hotel/fr/lutece.en-gb.html?selected_currency=EUR;Double Room;Chambre Double
https://www.booking.com/hotel/fr/hotelparishotel.en-gb.html?selected_currency=EUR;Standard Double or Twin Room;Chambre Double ou Lits Jumeaux Standard
https://www.booking.com/hotel/fr/aberotel.en-gb.html?selected_currency=EUR;Standard Double Room;Chambre Double Standard
https://www.booking.com/hotel/fr/select-boulogne-billancourt.en-gb.html?selected_currency=EUR;Standard Double Room;Chambre Double Standard
https://www.booking.com/hotel/fr/tryp-paris-boulogne.en-gb.html?selected_currency=EUR;Classic Double Room;Chambre Classique
https://www.booking.com/hotel/fr/villa-sorel.en-gb.html?selected_currency=EUR;Classic Double Room with Garden View;Chambre Double Standard
https://www.booking.com/hotel/fr/courtyard-by-mariott-paris-boulogne.en-gb.html?selected_currency=EUR;Deluxe King Room;Chambre Lit King-Size Standard
https://www.booking.com/hotel/fr/appartements-paris-boulogne.en-gb.html?selected_currency=EUR;One-Bedroom apartment;Appartement 1 Chambre
https://www.booking.com/hotel/fr/mercure-paris-porte-de-st-cloud.en-gb.html?selected_currency=EUR;ClassicÃ‚Â Double Room;Chambre Double Classique
https://www.booking.com/hotel/fr/paris-pont-de-sevres.en-gb.html?selected_currency=EUR;Classic Double Room;Chambre Double Classique
https://www.booking.com/hotel/fr/villa-saxe-eiffel.en-gb.html?selected_currency=EUR;Classic Double Room;Chambre Double Classique
https://www.booking.com/hotel/fr/hotel-balladins-paris-8eme-confort.en-gb.html?selected_currency=EUR;Double Room;Chambre Double
https://www.booking.com/hotel/fr/ha-tel-cervantes.en-gb.html?selected_currency=EUR;Classic Double Room;Chambre Double Classique
https://www.booking.com/hotel/fr/libertel-amiral-duperre.en-gb.html?selected_currency=EUR;Cosy Double Room;Chambre Double Cosy
https://www.booking.com/hotel/fr/mercure-paris-pigalle-sacre-coeur-opening-december-2015.en-gb.html?selected_currency=EUR;Classic Double Room;Chambre Double Classique
https://www.booking.com/hotel/fr/timhotel-blanche-fontaine.en-gb.html?selected_currency=EUR;Comfort Double Room;Chambre Double Confort
https://www.booking.com/hotel/fr/victoria-palace.en-gb.html?selected_currency=EUR;Classic Double Room;Chambre Double Classique
https://www.booking.com/hotel/fr/premierregentsgarden.en-gb.html?selected_currency=EUR;Standard Single Room;Chambre Double Standard
https://www.booking.com/hotel/fr/mercedes.en-gb.html?selected_currency=EUR;Classic Queen Room with Queen Bed;Chambre Lit Queen-Size Classique
https://www.booking.com/hotel/fr/doisy-etoile.en-gb.html?selected_currency=EUR;Superior Room Mango;Chambre Supérieure Mango
https://www.booking.com/hotel/fr/hidden.en-gb.html?selected_currency=EUR;Intuition Room;Chambre Intuition
https://www.booking.com/hotel/fr/balmoral-paris.en-gb.html?selected_currency=EUR;Standard Double Room;Chambre Double Standard
https://www.booking.com/hotel/fr/friedland.en-gb.html?selected_currency=EUR;Standard Double or Twin Room;Chambre Double ou Lits Jumeaux Standard
https://www.booking.com/hotel/fr/flanelles-paris.en-gb.html?selected_currency=EUR;Cosy Room;Maison Elle Paris
https://www.booking.com/hotel/fr/atala.en-gb.html?selected_currency=EUR;Queen Room;Chambre Lit King-Size avec Balcon
https://www.booking.com/hotel/fr/splendid-etoile.en-gb.html?selected_currency=EUR;Classic Room;Chambre Classique
https://www.booking.com/hotel/fr/miss-fuller.en-gb.html?selected_currency=EUR;Standard Double Room;Chambre Double Standard
https://www.booking.com/hotel/fr/lavillamaillot.en-gb.html?selected_currency=EUR;Superior Double Room;Chambre Double Supérieure
https://www.booking.com/hotel/fr/hotelacanthe.en-gb.html?selected_currency=EUR;Small Double Room;Chambre Double ou Lits Jumeaux
https://www.booking.com/hotel/fr/le-tsuba.en-gb.html?selected_currency=EUR;Superior Double Room;Chambre Double Supérieure
https://www.booking.com/hotel/fr/le-cardinal-paris.en-gb.html?selected_currency=EUR;Standard Double Room;Chambre Double Standard
https://www.booking.com/hotel/fr/troyon.en-gb.html?selected_currency=EUR;Bonne Chambre;Bonne Chambre
https://www.booking.com/hotel/fr/hotel-opera-liege.en-gb.html?selected_currency=EUR;Classic Room;Chambre Classique
https://www.booking.com/hotel/fr/paris-neuilly-neuilly.en-gb.html?selected_currency=EUR;Classic Double Room;Chambre Double Classique
https://www.booking.com/hotel/fr/paris-louis-blanc.en-gb.html?selected_currency=EUR;Standard Double Room;Chambre Double Standard
https://www.booking.com/hotel/fr/terminus-vaugirard.en-gb.html?selected_currency=EUR;Double Room;Double Room
https://www.booking.com/hotel/fr/hotelalbe.en-gb.html?selected_currency=EUR;Double Room;Chambre Double
https://www.booking.com/hotel/fr/henri-4.en-gb.html?selected_currency=EUR;Double Room;Chambre Double
https://www.booking.com/hotel/fr/jardinvilliersp.en-gb.html?selected_currency=EUR;Double Room;Chambre Double
https://www.booking.com/hotel/fr/eiffel-xv-paris.en-gb.html?selected_currency=EUR;Executive Double Room;Chambre Double Exécutive
https://www.booking.com/hotel/fr/idfo.en-gb.html?selected_currency=EUR;Double Room;Chambre Double
https://www.booking.com/hotel/fr/malteopera.en-gb.html?selected_currency=EUR;Standard Double Room;Chambre Double Standard
https://www.booking.com/hotel/fr/marsollier.en-gb.html?selected_currency=EUR;Double Room;Chambre Double
https://www.booking.com/hotel/fr/bestwesternparislouvreopera.en-gb.html?selected_currency=EUR;Classic Room;Chambre Classique
https://www.booking.com/hotel/fr/royal-opera.en-gb.html?selected_currency=EUR;Double Room;Chambre Double
https://www.booking.com/hotel/fr/lamartine.en-gb.html?selected_currency=EUR;Classic Room;Chambre Classique
https://www.booking.com/hotel/fr/gat-folies.en-gb.html?selected_currency=EUR;Standard Double Room;Chambre Double Standard
https://www.booking.com/hotel/fr/jules.en-gb.html?selected_currency=EUR;Standard Room with Balcony;Chambre Standard avec Balcon
https://www.booking.com/hotel/fr/hotelopal.en-gb.html?selected_currency=EUR;Classic Double Room;Chambre Double Classique
https://www.booking.com/hotel/fr/hotel-mayflower.en-gb.html?selected_currency=EUR;Standard Double Room with Double Bed;Chambre Standard avec 1 Lit Double
https://www.booking.com/hotel/fr/best-western-premier-litteraire-le-swann.en-gb.html?selected_currency=EUR;Classic Double Room - Non-Smoking;Chambre Double Supérieure
https://www.booking.com/hotel/fr/grey.en-gb.html?selected_currency=EUR;Superior Double or Twin Room;Chambre Simple
https://www.booking.com/hotel/fr/laz-39-spa-urbain-paris.en-gb.html?selected_currency=EUR;Standard Double or Twin Room;Chambre Double ou Lits Jumeaux Standard
https://www.booking.com/hotel/fr/pavillon-de-paris.en-gb.html?selected_currency=EUR;Classic Double Room;Chambre Double Classique
https://www.booking.com/hotel/fr/ha-tel-r-de-paris.en-gb.html?selected_currency=EUR;Classic Double Room;Chambre Double Classique
https://www.booking.com/hotel/fr/ibis-gare-du-nord-chateau-landon.en-gb.html?selected_currency=EUR;Standard Double Room;Chambre Double Standard
https://www.booking.com/hotel/fr/kyriad-paris-10-canal-saint-martin-ra-c-publique-xml.en-gb.html?selected_currency=EUR;Double Room;Chambre Double
https://www.booking.com/hotel/fr/libertel-villette.en-gb.html?selected_currency=EUR;Comfort Room;Chambre Confort
https://www.booking.com/hotel/fr/timhotel-paris-gar.en-gb.html?selected_currency=EUR;Double Room;Chambre Double
https://www.booking.com/hotel/fr/le-notre-dame.en-gb.html?selected_currency=EUR;Double or Single Room with Courtyard View;Chambre Double ou Individuelle Sur Cour
https://www.booking.com/hotel/fr/diana-paris.en-gb.html?selected_currency=EUR;Double Room;Chambre Double
https://www.booking.com/hotel/fr/ac-paris-porte-maillot-by-marriott.en-gb.html?selected_currency=EUR;Classic King Room;Chambre Lit King-Size Deluxe
https://www.booking.com/hotel/fr/splendid-paris-levallois.en-gb.html?selected_currency=EUR;Classic Double or Twin Room;Chambre Double ou Lits Jumeaux Classique
https://www.booking.com/hotel/fr/le-37-bis-neuilly-sur-seine.en-gb.html?selected_currency=EUR;Deluxe Double or Twin Room;Chambre Deluxe Double ou Lits Jumeaux
https://www.booking.com/hotel/fr/du-chateau-neuilly.en-gb.html?selected_currency=EUR;Superior Double Room;Chambre Double Supérieure
https://www.booking.com/hotel/fr/mercure-paris-levallois.en-gb.html?selected_currency=EUR;Standard Double Room;Chambre Double Standard
https://www.booking.com/hotel/fr/novotelparisladefense.en-gb.html?selected_currency=EUR;Standard Room with 1 Double bed and Single sofa Bed;Chambre Lits Jumeaux Standard
https://www.booking.com/hotel/fr/ibis-paris-convention.en-gb.html?selected_currency=EUR;Standard Double Room;Standard Double Room
https://www.booking.com/hotel/fr/mama-shelter-paris-west.en-gb.html?selected_currency=EUR;Medium Mama Double Room;Medium Mama Double Room
https://www.booking.com/hotel/fr/portedeversaillesparis.en-gb.html?selected_currency=EUR;Double Room;Double Room
https://www.booking.com/hotel/fr/libertel-amiral-duperre.en-gb.html?selected_currency=EUR;Cosy Double Room;Chambre Double Cosy
https://www.booking.com/hotel/fr/citadines-aparthotel-austerlitz.en-gb.html?selected_currency=EUR;Studio (2 Adults);Studio (2 Adultes)
https://www.booking.com/hotel/fr/jenner.en-gb.html?selected_currency=EUR;Superior Double Room;Chambre Double Supérieure
https://www.booking.com/hotel/fr/hotelduret.en-gb.html?selected_currency=EUR;Classic Double Room;Chambre Double Classique
https://www.booking.com/hotel/fr/ferdinand.en-gb.html?selected_currency=EUR;Classic Double or Twin Room;Chambre Double ou Lits Jumeaux Classique
https://www.booking.com/hotel/fr/hotel-la-villa-des-ternes.en-gb.html?selected_currency=EUR;Classic Double Room;Chambre Double Classique
https://www.booking.com/hotel/fr/les-jardins-de-la-villa.en-gb.html?selected_currency=EUR;Superior Double Room with Spa Access;Chambre Double Supérieure avec Accès au Spa
https://www.booking.com/hotel/fr/hotel-montfleuri.en-gb.html?selected_currency=EUR;Classic Double or Single Room;Chambre Double ou Simple Classique
https://www.booking.com/hotel/fr/d-argentine.en-gb.html?selected_currency=EUR;Superior Double Room;Chambre Double Supérieure
https://www.booking.com/hotel/fr/tivoli-etoile.en-gb.html?selected_currency=EUR;Standard Double Room;Chambre Double Standard
https://www.booking.com/hotel/fr/doisy-etoile.en-gb.html?selected_currency=EUR;Superior Room Mango;Chambre Supérieure Mango
https://www.booking.com/hotel/fr/mercure-paris-arc-de-triomphe-etoile.en-gb.html?selected_currency=EUR;Superior Double Room;Chambre Double Supérieure
https://www.booking.com/hotel/fr/rochester-champs-elysees.en-gb.html?selected_currency=EUR;Classic Room;Chambre Classique
https://www.booking.com/hotel/fr/sthonore.en-gb.html?selected_currency=EUR;Classic Double Room;Chambre Double Classique
https://www.booking.com/hotel/fr/hotelkyriaditaliegobelins.en-gb.html?selected_currency=EUR;Double Room;Chambre Double
https://www.booking.com/hotel/fr/ferrandi.en-gb.html?selected_currency=EUR;Superior Double Room;Chambre Double Supérieure
https://www.booking.com/hotel/fr/hoteldesgrandsvoyageurs.en-gb.html?selected_currency=EUR;Classic Double Room;Chambre Double Classique
https://www.booking.com/hotel/fr/le-six.en-gb.html?selected_currency=EUR;Classic Double Room;Chambre Double Classique
https://www.booking.com/hotel/fr/le-madison.en-gb.html?selected_currency=EUR;Classic Double Room;Chambre Double Classique
https://www.booking.com/hotel/fr/gtcayre.en-gb.html?selected_currency=EUR;Classic Room;Chambre Classique
https://www.booking.com/hotel/fr/le-littre.en-gb.html?selected_currency=EUR;Classic Room;Chambre Classique
https://www.booking.com/hotel/fr/bourgogne-montana.en-gb.html?selected_currency=EUR;Chambre Classique;Classic Room
https://www.booking.com/hotel/fr/eiffel-blomet.en-gb.html?selected_currency=EUR;Standard Double Room with Pool access;Chambre Double Standard avec Accès à la Piscine
https://www.booking.com/hotel/fr/ramada-paris-toureiffel.en-gb.html?selected_currency=EUR;Double or Twin Room courtyard view or street view;Chambre Double ou Lits Jumeaux - Vue sur Cour ou sur Rue
https://www.booking.com/hotel/fr/platine-hotel.en-gb.html?selected_currency=EUR;Classic Double or Twin Room;Chambre Double ou Lits Jumeaux Classique
https://www.booking.com/hotel/fr/hoteldesgrandsvoyageurs.en-gb.html?selected_currency=EUR;Classic Double Room;Chambre Double Classique
https://www.booking.com/hotel/fr/ferrandi.en-gb.html?selected_currency=EUR;Superior Double Room;Chambre Double Supérieure
https://www.booking.com/hotel/fr/holiday-inn-paris-montparnasse-maine.en-gb.html?selected_currency=EUR;Standard Room;Chambre Standard
https://www.booking.com/hotel/fr/drawing-house.en-gb.html?selected_currency=EUR;Double Room;Double Room
https://www.booking.com/hotel/fr/hotel-dame-des-arts.en-gb.html?selected_currency=EUR;Classic Room;Chambre Classique
https://www.booking.com/hotel/fr/victoria-palace.en-gb.html?selected_currency=EUR;Classic Double Room;Chambre Double Classique
https://www.booking.com/hotel/fr/le-madison.en-gb.html?selected_currency=EUR;Classic Double Room;Chambre Double Classique
https://www.booking.com/hotel/fr/villa-m-paris.en-gb.html?selected_currency=EUR;Superior Double Room;Chambre Double Supérieure
https://www.booking.com/hotel/fr/tryp-paris-boulogne.en-gb.html?selected_currency=EUR;Classic Room;Classic Double Room
https://www.booking.com/hotel/fr/mercure-paris-arc-de-triomphe-etoile.en-gb.html?selected_currency=EUR;Superior Double Room;Superior Double Room
https://www.booking.com/hotel/fr/paris-wagram-arc-de-triomphe.en-gb.html?selected_currency=EUR;Classic Double Room;Classic Double Room
https://www.booking.com/hotel/fr/le-123-sa-c-bastopol.en-gb.html?selected_currency=EUR;Standard Double Room;Chambre Double Standard
https://www.booking.com/hotel/fr/bradfordelysees.en-gb.html?selected_currency=EUR;Standard  Double Room;Chambre Double Standard
https://www.booking.com/hotel/fr/34b-astotel.en-gb.html?selected_currency=EUR;Twin Room;Chambre Lits Jumeaux
https://www.booking.com/hotel/fr/acadiaopera.en-gb.html?selected_currency=EUR;Standard Double Room;Chambre Double Standard
https://www.booking.com/hotel/fr/saintaugustin.en-gb.html?selected_currency=EUR;Standard Twin Room;Chambre Lits Jumeaux Standard
https://www.booking.com/hotel/fr/caumartin-opera.en-gb.html?selected_currency=EUR;Standard Twin Room;Chambre Lits Jumeaux Standard
https://www.booking.com/hotel/fr/joke-astotel.en-gb.html?selected_currency=EUR;Standard Twin Room;Chambre Lits Jumeaux Standard
https://www.booking.com/hotel/fr/loretteopera.en-gb.html?selected_currency=EUR;Standard Twin Room;Chambre Lits Jumeaux Standard
https://www.booking.com/hotel/fr/palm-opera.en-gb.html?selected_currency=EUR;Standard Twin Room;Chambre Lits Jumeaux Standard
https://www.booking.com/hotel/fr/le-123-elysees.en-gb.html?selected_currency=EUR;Standard Twin Room;Chambre Lits Jumeaux Standard
https://www.booking.com/hotel/fr/auliviaopera.en-gb.html?selected_currency=EUR;Classic Double Room;Chambre Double Classique
https://www.booking.com/hotel/fr/bwdebretagne.en-gb.html?selected_currency=EUR;Superior Queen Room - Non-Smoking;Chambre Lit Queen-Size Supérieure - Non-Fumeurs
https://www.booking.com/hotel/fr/best-western-premier-61-paris-nation-hotel.en-gb.html?selected_currency=EUR;Classic Single Room;Chambre Simple Classique
https://www.booking.com/hotel/fr/des-ducs-de-bourgogne.en-gb.html?selected_currency=EUR;Classic Double Room;Chambre Double Classique
https://www.booking.com/hotel/fr/mercure-terminus-est.en-gb.html?selected_currency=EUR;Standard Room;Chambre Standard
https://www.booking.com/hotel/fr/beauchamps.en-gb.html?selected_currency=EUR;Standard  Room;Chambre Standard
https://www.booking.com/hotel/fr/champs-elysees-paris.en-gb.html?selected_currency=EUR;Superior Double Room;Chambre Double Supérieure
https://www.booking.com/hotel/fr/louvresainthonore.en-gb.html?selected_currency=EUR;Standard Double Room;Chambre Double Standard
https://www.booking.com/hotel/fr/maison-albar-hotels-le-diamond.en-gb.html?selected_currency=EUR;Superior Twin Room;Chambre Double Standard
https://www.booking.com/hotel/fr/opera-diamond.en-gb.html?selected_currency=EUR;Superior King Room;Chambre Lit King-Size Supérieure
https://www.booking.com/hotel/fr/maison-albar-paris-celine.en-gb.html?selected_currency=EUR;Superior Double Room;Chambre Double Supérieure
https://www.booking.com/hotel/fr/bestwesternfranceeurope.en-gb.html?selected_currency=EUR;Classic Double Room;Chambre Double Classique
https://www.booking.com/hotel/fr/eiffel-turenne.en-gb.html?selected_currency=EUR;Classic Room;Chambre Classique
https://www.booking.com/hotel/fr/de-sevigne-paris.en-gb.html?selected_currency=EUR;Classic Room with Shower;Chambre double Standard
https://www.booking.com/hotel/fr/galileo.en-gb.html?selected_currency=EUR;Classic Room;Chambre Classique
https://www.booking.com/hotel/fr/manufacture.en-gb.html?selected_currency=EUR;Classic Double Room;Chambre Double Classique
https://www.booking.com/hotel/fr/residencefoch.en-gb.html?selected_currency=EUR;Traditional Double or Twin Room;Chambre Double ou Lits Jumeaux Traditionnelle
https://www.booking.com/hotel/fr/hotelterminuslyon.en-gb.html?selected_currency=EUR;Classic Double Room;Chambre Double Classique
https://www.booking.com/hotel/fr/chouchou-paris.en-gb.html?selected_currency=EUR;Double Room;Chambre Double
https://www.booking.com/hotel/fr/handsome-by-elegancia.en-gb.html?selected_currency=EUR;Double Room;Chambre Double
https://www.booking.com/hotel/fr/louvre-forum.en-gb.html?selected_currency=EUR;Double Room;Chambre Double
https://www.booking.com/hotel/fr/crayon-rouge.en-gb.html?selected_currency=EUR;Double Room;Chambre Double
https://www.booking.com/hotel/fr/dandy-paris.en-gb.html?selected_currency=EUR;Classic Double Room;Chambre Double Classique
https://www.booking.com/hotel/fr/des-grandes-ecoles.en-gb.html?selected_currency=EUR;Classic Double Room;Chambre Double Classique
https://www.booking.com/hotel/fr/ha-tel-fa-c-licien.en-gb.html?selected_currency=EUR;Classic Double Room;Chambre Double Classique
https://www.booking.com/hotel/fr/hotel-la-comtesse-by-elegancia.en-gb.html?selected_currency=EUR;Double Room Marquise - Eiffel Tower Side View;Chambre Double Classique
https://www.booking.com/hotel/fr/la-parizienne.en-gb.html?selected_currency=EUR;Double Cosy Room;Chambre Double Confortable
https://www.booking.com/hotel/fr/le-petit-paris.en-gb.html?selected_currency=EUR;Classic Double Room;Chambre Double Classique
https://www.booking.com/hotel/fr/des-victoires.en-gb.html?selected_currency=EUR;Double Room;Chambre Double
https://www.booking.com/hotel/fr/off-paris-seine.en-gb.html?selected_currency=EUR;Double Room with Dock View;Chambre Vue Quai
https://www.booking.com/hotel/fr/charma.en-gb.html?selected_currency=EUR;Classic Double Room;Chambre Double Classique
https://www.booking.com/hotel/fr/legend.en-gb.html?selected_currency=EUR;Double Standard;Chambre Double
https://www.booking.com/hotel/fr/seven.en-gb.html?selected_currency=EUR;Double Room;Chambre Cosy
https://www.booking.com/hotel/fr/snob-by-elegancia.en-gb.html?selected_currency=EUR;Classic Double Room;Chambre Double Classique
https://www.booking.com/hotel/fr/villa-athena.en-gb.html?selected_currency=EUR;Classic Double or Twin Room;Chambre Double ou Lits Jumeaux Classique
https://www.booking.com/hotel/fr/dela-paix.en-gb.html?selected_currency=EUR;Classic Double Room;Classic Double Room
https://www.booking.com/hotel/fr/ramada-paris-toureiffel.en-gb.html?selected_currency=EUR;Double or Twin Room courtyard view or street view;Double or Twin Room courtyard view or street view
https://www.booking.com/hotel/fr/ha-tel-san-ra-c-gis.en-gb.html?selected_currency=EUR;Classic Room;Classic Room
https://www.booking.com/hotel/fr/parisboulevardberthier.en-gb.html?selected_currency=EUR;Double Room;Twin Room
https://www.booking.com/hotel/fr/ajiel.en-gb.html?selected_currency=EUR;Standard Double Room;Chouette double room
https://www.booking.com/hotel/fr/hidden.en-gb.html?selected_currency=EUR;Intuition Room;Intuition Room
https://www.booking.com/hotel/fr/holiday-inn-paris-opera-grands-boulevards.en-gb.html?selected_currency=EUR;Standard Double Room;Double Room
https://www.booking.com/hotel/fr/adele-amp-jules.en-gb.html?selected_currency=EUR;Classic Double Room;Classic Double Room
https://www.booking.com/hotel/fr/comfort-hotel-lamarck-caulaincourt.en-gb.html?selected_currency=EUR;Standard Double Room;Standard Twin Room
https://www.booking.com/hotel/fr/comfort-paris-18eme-sacre-coeur.en-gb.html?selected_currency=EUR;Large Double or Twin Room;Large Double or Twin Room
https://www.booking.com/hotel/fr/de-la-bourdonnais.en-gb.html?selected_currency=EUR;Classic Double Room;Classic Double Room
https://www.booking.com/hotel/fr/de-sers.en-gb.html?selected_currency=EUR;Superior Room ;Superior Room
https://www.booking.com/hotel/fr/ekta.en-gb.html?selected_currency=EUR;Classic Double Room;Classic Room
https://www.booking.com/hotel/fr/elysa-c-e-secret.en-gb.html?selected_currency=EUR;Standard Queen Room;Standard Queen Room
https://www.booking.com/hotel/fr/hotelchampselyseesplaza.en-gb.html?selected_currency=EUR;Classic Double or Twin Room;Classic Double or Twin Room
https://www.booking.com/hotel/fr/grand-powers.en-gb.html?selected_currency=EUR;Superior Double Room;Superior Double Room
https://www.booking.com/hotel/fr/lancaster-paris-champs-elysees.en-gb.html?selected_currency=EUR;Superior Double Room;Superior Double Room
https://www.booking.com/hotel/fr/best-western-plus-le-18-paris.en-gb.html?selected_currency=EUR;Comfort Double Room;Superior Double Room
https://www.booking.com/hotel/fr/london.en-gb.html?selected_currency=EUR;Standard Double Room;Superior Double Room
https://www.booking.com/hotel/fr/marena.en-gb.html?selected_currency=EUR;Twin Room;Double Room
https://www.booking.com/hotel/fr/marignan-champs-elysees.en-gb.html?selected_currency=EUR;Premier Double or Twin Room;Premier Double or Twin Room
https://www.booking.com/hotel/fr/mercure-la-defense5.en-gb.html?selected_currency=EUR;Classic Double Room;Classic Twin Room
https://www.booking.com/hotel/fr/mercure-paris-pont-de-levallois-neuilly.en-gb.html?selected_currency=EUR;Standard Queen Room;Standard Queen Room
https://www.booking.com/hotel/fr/monceauwagram.en-gb.html?selected_currency=EUR;Standard Double Room;Superior Double Room
https://www.booking.com/hotel/fr/monsieur.en-gb.html?selected_currency=EUR;Superior Double Room with with Private Hammam Access;Superior Double Room with with Private Hammam Access
https://www.booking.com/hotel/fr/montaigne-paris1.en-gb.html?selected_currency=EUR;Classic Double Room;Classic Double Room
https://www.booking.com/hotel/fr/hotelpavillonmonceau.en-gb.html?selected_currency=EUR;Double Room;Large Double or Twin Room
https://www.booking.com/hotel/fr/saint-louis-pigalle.en-gb.html?selected_currency=EUR;Standard Double Room;Standard Double Room
https://www.booking.com/hotel/fr/terminus-montparnasse.en-gb.html?selected_currency=EUR;Classic Room without elevator;Classic Room without elevator
https://www.booking.com/hotel/fr/vernet.en-gb.html?selected_currency=EUR;Superior Double Room;Superior Double Room
https://www.booking.com/hotel/fr/vignon.en-gb.html?selected_currency=EUR;Standard Double Room;Superior Double Room
https://www.booking.com/hotel/fr/ibis-budget-porte-d-italie-est.en-gb.html?selected_currency=EUR;Double Room;Double Room
https://www.booking.com/hotel/fr/ibis-budget-porte-d-italie-ouest.en-gb.html?selected_currency=EUR;Standard Double Room;Standard Double Room
https://www.booking.com/hotel/fr/ibis-budget-paris-porte-de-bercy.en-gb.html?selected_currency=EUR;Standard Twin Room;Standard Twin Room
https://www.booking.com/hotel/fr/ibis-budget-paris-pte-montreuil.en-gb.html?selected_currency=EUR;Superior Double Room;Superior Double Room
https://www.booking.com/hotel/fr/ibis-budget-paris-porte-de-pantin.en-gb.html?selected_currency=EUR;Double Room;Double Room
https://www.booking.com/hotel/fr/ibis-budget-paris-porte-de-vanves.en-gb.html?selected_currency=EUR;Double Room;Double Room
https://www.booking.com/hotel/fr/ibis-budget-paris-porte-de-vincennes.en-gb.html?selected_currency=EUR;Double Room;Twin Room
https://www.booking.com/hotel/fr/ibis-budget-aubervilliers.en-gb.html?selected_currency=EUR;Double Room;Double Room
https://www.booking.com/hotel/fr/ibis-budget-porte-d-orleans-paris-14.en-gb.html?selected_currency=EUR;Double Room;Double Room
https://www.booking.com/hotel/fr/hotelkyriadclichy.en-gb.html?selected_currency=EUR;Standard Double Room;Standard Twin Room
https://www.booking.com/hotel/fr/ibis-porte-doree.en-gb.html?selected_currency=EUR;Standard Double Room;Standard Twin Room
https://www.booking.com/hotel/fr/ibis-levallois-perret.en-gb.html?selected_currency=EUR;Standard Double Room;Standard Double Room
https://www.booking.com/hotel/fr/ibis-paris-berthier-17a-me.en-gb.html?selected_currency=EUR;Double Room;Room with 2 Single Beds
https://www.booking.com/hotel/fr/ibis-paris-alesia-montparnasse.en-gb.html?selected_currency=EUR;Standard Double Room;Standard Room with 2 Single Beds
https://www.booking.com/hotel/fr/ibis-avenue-d-italie.en-gb.html?selected_currency=EUR;Standard Double Room;Standard Twin Room
https://www.booking.com/hotel/fr/grand-de-l-avenue-paris.en-gb.html?selected_currency=EUR;Standard Double Room;Standard Double Room
https://www.booking.com/hotel/fr/bastille-faubourg-st-antoine.en-gb.html?selected_currency=EUR;Standard Double Room;Standard Double Room
https://www.booking.com/hotel/fr/paris-bastille-opera.en-gb.html?selected_currency=EUR;Standard Double Room;Standard Double Room
https://www.booking.com/hotel/fr/ibis-paris-bercy-village.en-gb.html?selected_currency=EUR;Standard Double Room;Standard Room with 2 Single Beds
https://www.booking.com/hotel/fr/ibis-boulogne-billancourt.en-gb.html?selected_currency=EUR;Standard Double Room;Standard Double Room
https://www.booking.com/hotel/fr/ibis-paris-brancion-parc-des-expositions-15e.en-gb.html?selected_currency=EUR;Standard Double Room;Standard Double Room
https://www.booking.com/hotel/fr/ibis-canal-saint-martin.en-gb.html?selected_currency=EUR;Standard Double Room;Chambre Double Standard
https://www.booking.com/hotel/fr/ibis-paris-gare-de-l-est.en-gb.html?selected_currency=EUR;Standard Double Room;Standard Twin Room
https://www.booking.com/hotel/fr/ibis-gare-de-lyon-diderot.en-gb.html?selected_currency=EUR;Standard Double Room;Standard Double Room
https://www.booking.com/hotel/fr/ha-tel-ibis-paris-gare-de-lyon-ledru-rollin.en-gb.html?selected_currency=EUR;Standard Double Room;Standard Twin Room
https://www.booking.com/hotel/fr/ibis-paris-gare-du-nord-la-fayette.en-gb.html?selected_currency=EUR;Standard Double Room;Standard Twin Room
https://www.booking.com/hotel/fr/comfort-hotel-gare-du-nord.en-gb.html?selected_currency=EUR;Standard Room with 1 Double Bed;Standard Room with 2 Single Beds
https://www.booking.com/hotel/fr/ibis-paris-gare-montparnasse-15eme.en-gb.html?selected_currency=EUR;Standard Double Room;Standard Double Room
https://www.booking.com/hotel/fr/ibis-paris-gare-montparnasse-catalogne.en-gb.html?selected_currency=EUR;Standard Double Room;Standard Double Room
https://www.booking.com/hotel/fr/ibis-paris-grands-boulevards-opa-c-ra-9e.en-gb.html?selected_currency=EUR;Standard Double Room;Standard Room with twin beds
https://www.booking.com/hotel/fr/ibis-paris-la-villette-cita-c-des-sciences.en-gb.html?selected_currency=EUR;Standard Double Room;Standard Room with 2 Single Beds
https://www.booking.com/hotel/fr/ibis-paris-montmartre.en-gb.html?selected_currency=EUR;Standard Double Room;Standard Room with 2 Single Beds
https://www.booking.com/hotel/fr/opera-franklin.en-gb.html?selected_currency=EUR;Standard Double Room;Standard Twin Room
https://www.booking.com/hotel/fr/ibis-paris-ornano-montmartre-nord-18eme.en-gb.html?selected_currency=EUR;Standard Double Room;Standard Twin Room
https://www.booking.com/hotel/fr/ibis-paris-pantin-eglise.en-gb.html?selected_currency=EUR;Standard Double Room;Standard Double Room
https://www.booking.com/hotel/fr/ibis-paris-pa-re-lachaise.en-gb.html?selected_currency=EUR;Standard Double Room;Standard Double Room
https://www.booking.com/hotel/fr/ibis-paris-place-d-italie.en-gb.html?selected_currency=EUR;Standard Double Room;Standard Twin Room
https://www.booking.com/hotel/fr/ibis-paris-porte-d-italie.en-gb.html?selected_currency=EUR;Standard Double Room;Standard Twin Room
https://www.booking.com/hotel/fr/ibis-paris-porte-d-orleans.en-gb.html?selected_currency=EUR;Standard Double Room;Standard Double Room
https://www.booking.com/hotel/fr/ibis-paris-porte-de-bercy.en-gb.html?selected_currency=EUR;Standard Double Room;Standard Twin Room
https://www.booking.com/hotel/fr/ibis-paris-porte-de-clichy.en-gb.html?selected_currency=EUR;Standard Room with 1 Double Bed;Standard Twin Room
https://www.booking.com/hotel/fr/ibis-paris-porte-de-montreuil.en-gb.html?selected_currency=EUR;Standard Double Room;Standard Twin Room
https://www.booking.com/hotel/fr/ibis-saint-denis-stade-sud.en-gb.html?selected_currency=EUR;Standard Double Room;Standard Twin Room
https://www.booking.com/hotel/fr/ibis-paris-tour-eiffel.en-gb.html?selected_currency=EUR;Standard Double Room;Standard Room with 2 Single Beds
https://www.booking.com/hotel/fr/ibis-paris-tour-montparnasse-15eme.en-gb.html?selected_currency=EUR;Standard Double Room;Standard Double Room
https://www.booking.com/hotel/fr/ibis-paris-vanves-parc-des-expositions.en-gb.html?selected_currency=EUR;Standard Room with 1 Double Bed;Standard Room with 1 Double Bed
https://www.booking.com/hotel/fr/jules-cesar-paris.en-gb.html?selected_currency=EUR;Standard Double Room;Standard Double Room
https://www.booking.com/hotel/fr/ibis-styles-paris-alesia-montparnasse.en-gb.html?selected_currency=EUR;Double Room;Twin Room
https://www.booking.com/hotel/fr/mirific.en-gb.html?selected_currency=EUR;Standard Double Room;Standard Twin Room
https://www.booking.com/hotel/fr/mercure-paris-bercy.en-gb.html?selected_currency=EUR;Standard Double Room;Standard Twin Room
https://www.booking.com/hotel/fr/le-laumia-re.en-gb.html?selected_currency=EUR;Standard Double Room;Twin Room
https://www.booking.com/hotel/fr/all-season-paris-9-lafayette.en-gb.html?selected_currency=EUR;Standard Double Room;Standard Twin Room
https://www.booking.com/hotel/fr/ibis-styles-paris-gare-de-l-est-chateau-landon.en-gb.html?selected_currency=EUR;Standard Double Room;Chambre Double Standard
https://www.booking.com/hotel/fr/ibis-styles-paris-meteor-avenue-d-italie.en-gb.html?selected_currency=EUR;Standard Double Room;Chambre Double Standard
https://www.booking.com/hotel/fr/sibour.en-gb.html?selected_currency=EUR;Standard Double Room;Standard Twin Room
https://www.booking.com/hotel/fr/ibis-styles-paris-gare-de-l-est-tgv.en-gb.html?selected_currency=EUR;Standard Double Room;Standard Double Room
https://www.booking.com/hotel/fr/ibis-paris-gare-de-l-est-10-eme.en-gb.html?selected_currency=EUR;Standard Double Room;Chambre Double Standard
https://www.booking.com/hotel/fr/hevetia.en-gb.html?selected_currency=EUR;Standard Double Room;Standard Double Room
https://www.booking.com/hotel/fr/all-seasons-paris-gare-du-nord.en-gb.html?selected_currency=EUR;Standard Double Room;Standard Double Room
https://www.booking.com/hotel/fr/ibis-styles-paris-gare-saint-lazare.en-gb.html?selected_currency=EUR;Double Room;Standard Twin Room
https://www.booking.com/hotel/fr/ho-tel-all-seasons-maine-montparnasse.en-gb.html?selected_currency=EUR;Standard Double Room;Standard Double Room
https://www.booking.com/hotel/fr/paris-mairie-clichy.en-gb.html?selected_currency=EUR;Standard Double Room;Standard Double Room
https://www.booking.com/hotel/fr/paris-massena-olympiades.en-gb.html?selected_currency=EUR;Standard Double Room;Standard Twin Room
https://www.booking.com/hotel/fr/pacific-montmartre-nord.en-gb.html?selected_currency=EUR;Standard Double Room;Standard Double Room
https://www.booking.com/hotel/fr/ibis-styles-paris-nation-cour-de-vincennes.en-gb.html?selected_currency=EUR;Standard Double Room;Standard Double Room
https://www.booking.com/hotel/fr/armstrong.en-gb.html?selected_currency=EUR;Standard Double Room;Standard Double Room
https://www.booking.com/hotel/fr/all-seasons-paris-lafayette-opera.en-gb.html?selected_currency=EUR;Standard Twin Room;Standard Twin Room
https://www.booking.com/hotel/fr/hotelarcantisfrochot.en-gb.html?selected_currency=EUR;Standard Double Room;Standard Twin Room
https://www.booking.com/hotel/fr/hotelparissud.en-gb.html?selected_currency=EUR;Standard Room with 1 Double Bed;Standard Room with 1 Double Bed
https://www.booking.com/hotel/fr/all-seasons-paris-republique.en-gb.html?selected_currency=EUR;Standard Double Room;Standard Double Room
https://www.booking.com/hotel/fr/inter-wilson.en-gb.html?selected_currency=EUR;Standard Room with 1 Double Bed;Standard Room with 2 Single Beds
https://www.booking.com/hotel/fr/all-seasons-paris-tolbiac-bibliotheque-de-france.en-gb.html?selected_currency=EUR;Standard Double Room;Standard Twin Room
https://www.booking.com/hotel/fr/le-juliana.en-gb.html?selected_currency=EUR;Superior Double Room;Superior Double Room
https://www.booking.com/hotel/fr/hotelarestoureiffel.en-gb.html?selected_currency=EUR;Classic Double Room;Classic Double Room
https://www.booking.com/hotel/fr/la-tremoille-paris.en-gb.html?selected_currency=EUR;Standard Double Room;Standard Double Room
https://www.booking.com/hotel/fr/le-damantin-amp-spa.en-gb.html?selected_currency=EUR;Boutique Room;Boutique Room
https://www.booking.com/hotel/fr/le-narcisse-blanc.en-gb.html?selected_currency=EUR;Classic Double Room;Classic Double Room
https://www.booking.com/hotel/fr/courtyard-by-mariott-paris-boulogne.en-gb.html?selected_currency=EUR;Standard King Room;Deluxe King Room
https://www.booking.com/hotel/fr/corona.en-gb.html?selected_currency=EUR;Comfort Double Room;Comfort Twin Room
https://www.booking.com/hotel/fr/libertel-austerlitz.en-gb.html?selected_currency=EUR;Cosy Double Room;Cosy Double Room
https://www.booking.com/hotel/fr/louis-2.en-gb.html?selected_currency=EUR;Standard Double Room;Double Room
https://www.booking.com/hotel/fr/millenium-hotel-paris-opera.en-gb.html?selected_currency=EUR;Alcove Room with One Queen Bed;Alcove Room with Two Single Beds
https://www.booking.com/hotel/fr/ha-tel-mac-mahon.en-gb.html?selected_currency=EUR;Superior Double Room;Chambre Double Supérieure
https://www.booking.com/hotel/fr/villa-majestic.en-gb.html?selected_currency=EUR;Classic Room;Classic Room
https://www.booking.com/hotel/fr/melia-paris-la-defense.en-gb.html?selected_currency=EUR;Melia Double Room;Melia Double Room
https://www.booking.com/hotel/fr/mercure-paris-porte-de-st-cloud.en-gb.html?selected_currency=EUR;ClassicÂ Double Room;Classic  Twin Room
https://www.booking.com/hotel/fr/mercure-porte-de-versailles-vaugirard.en-gb.html?selected_currency=EUR;Superior Room with 1 Double Bed;Superior Room with 1 Double Bed
https://www.booking.com/hotel/fr/novotel-paris.en-gb.html?selected_currency=EUR;Executive Queen Room with Eiffel Tower View;Executive Queen Room with Eiffel Tower View
https://www.booking.com/hotel/fr/novotel-paris-pte-versailles.en-gb.html?selected_currency=EUR;Classic Twin Room;Chambre Classique
https://www.booking.com/hotel/fr/residence-odalys-paris-levallois.en-gb.html?selected_currency=EUR;Standard Studio (2 Adults);Standard Studio (2 Adults)
https://www.booking.com/hotel/fr/okko-nanterre.en-gb.html?selected_currency=EUR;Double Room;Double Room
https://www.booking.com/hotel/fr/radisson-sas-paris-boulogne.en-gb.html?selected_currency=EUR;Standard Room;Standard Room
https://www.booking.com/hotel/fr/renaissance-paris-arc-de-triomphe.en-gb.html?selected_currency=EUR;Stand'R Room with Garden View;Stand'R Room with Garden View
https://www.booking.com/hotel/fr/the-hoxton-paris.en-gb.html?selected_currency=EUR;Cosy;Cosy
https://www.booking.com/hotel/fr/villabeaumarchais_paris.en-gb.html?selected_currency=EUR;Double Room;Double Room
https://www.booking.com/hotel/fr/voco-paris-porte-de-clichy.en-gb.html?selected_currency=EUR;Standard Room;Standard Room
https://www.booking.com/hotel/fr/de-lutece.en-gb.html?selected_currency=EUR;Standard Double Room;Standard Double Room
https://www.booking.com/hotel/fr/henriiv.en-gb.html?selected_currency=EUR;Room Elegance Double or Twin;Room Elegance Double or Twin
https://www.booking.com/hotel/fr/sullysaintgermain.en-gb.html?selected_currency=EUR;Classic Double Room;Classic Double Room
https://www.booking.com/hotel/fr/saint-jacques-paris.en-gb.html?selected_currency=EUR;Classic Double Room;Classic Double Room
https://www.booking.com/hotel/fr/pilgrim-paris1.en-gb.html?selected_currency=EUR;Deluxe Room;Deluxe Room
https://www.booking.com/hotel/fr/dokhans-tribute-portfolio.en-gb.html?selected_currency=EUR;Superior Twin Room;Superior Twin Room
https://www.booking.com/hotel/fr/victorhugo.en-gb.html?selected_currency=EUR;Classic Double Room;Classic Double Room
https://www.booking.com/hotel/fr/gardenelysee.en-gb.html?selected_currency=EUR;Classic Room;Classic Room
https://www.booking.com/hotel/fr/plazatoureiffel.en-gb.html?selected_currency=EUR;Superior Double Room;Superior Double Room
https://www.booking.com/hotel/fr/canopy-by-hilton-paris-trocadero.en-gb.html?selected_currency=EUR;Corner Queen Room;Corner Queen Room
https://www.booking.com/hotel/fr/les-jardins-du-trocadero.en-gb.html?selected_currency=EUR;Double Room;Double Room
https://www.booking.com/hotel/fr/l-ormaie-amp-spa.en-gb.html?selected_currency=EUR;Standard Double Room;Standard Double Room
https://www.booking.com/hotel/it/coronaditalia.en-gb.html?selected_currency=EUR;Double Room;Double Room
https://www.booking.com/hotel/it/glance.en-gb.html?selected_currency=EUR;Standard Double or Twin Room;Standard Double or Twin Room
https://www.booking.com/hotel/it/atlanticpalace.en-gb.html?selected_currency=EUR;Classic Room;Classic Room
https://www.booking.com/hotel/it/hotelmachiavelli.en-gb.html?selected_currency=EUR;Standard Double or Twin Room;Standard Double or Twin Room
https://www.booking.com/hotel/it/laurus-al-duomo.en-gb.html?selected_currency=EUR;Double Room;Double Room
https://www.booking.com/hotel/fr/le-belleval.en-gb.html?selected_currency=EUR;Superior Double or Twin Room;Superior Double or Twin Room
https://www.booking.com/hotel/fr/grand-pigalle.en-gb.html?selected_currency=EUR;Standard Room Sopi;Standard Room Sopi
https://www.booking.com/hotel/fr/touraine-opera.en-gb.html?selected_currency=EUR;Double Room;Double Room
https://www.booking.com/hotel/fr/grand-hotel-chicago-paris.en-gb.html?selected_currency=EUR;Classic Room;Classic Room
https://www.booking.com/hotel/fr/francais-paris.en-gb.html?selected_currency=EUR;Comfort Double Room;Comfort Double Room
https://www.booking.com/hotel/fr/faubourg-216-224.en-gb.html?selected_currency=EUR;Classic Double Room;Chambre Double Classique
https://www.booking.com/hotel/fr/ha-tel-plaza-la-fayette.en-gb.html?selected_currency=EUR;Classic Â Double Room;Classic Â Double Room
https://www.booking.com/hotel/fr/hotel-toujours.en-gb.html?selected_currency=EUR;Double Room;Chambre Double
https://www.booking.com/hotel/fr/la-canopee-paris.en-gb.html?selected_currency=EUR;Small Double Room - Riviera;Small Double Room - Riviera
https://www.booking.com/hotel/fr/pullman-paris-montparnasse.en-gb.html?selected_currency=EUR;Deluxe Queen Room with Paris View;Deluxe Queen Room with Paris View
https://www.booking.com/hotel/fr/este.en-gb.html?selected_currency=EUR;Classic Room;Classic Room
https://www.booking.com/hotel/fr/relaislafayette.en-gb.html?selected_currency=EUR;Classic Double or Twin Room;Classic Double or Twin Room
https://www.booking.com/hotel/fr/bloom-house.en-gb.html?selected_currency=EUR;Classic Double Room;Chambre Double Classique
https://www.booking.com/hotel/fr/le-grand-quartier.en-gb.html?selected_currency=EUR;Cocoon Room;Cocoon Room
https://www.booking.com/hotel/fr/hotelderocroy.en-gb.html?selected_currency=EUR;Superior Double or Twin Room;Superior Double or Twin Room
https://www.booking.com/hotel/fr/lumen-paris-louvre.en-gb.html?selected_currency=EUR;Classic Double or Twin Room;Classic Double or Twin Room
https://www.booking.com/hotel/fr/molere.en-gb.html?selected_currency=EUR;Club Double Room;Club Double Room
https://www.booking.com/hotel/fr/hoteltherese.en-gb.html?selected_currency=EUR;Classic Double Room;Classic Double Room
https://www.booking.com/hotel/fr/lyric-ha-tel-paris.en-gb.html?selected_currency=EUR;Classic Double or Twin Room;Classic Double or Twin Room
https://www.booking.com/hotel/fr/gtwashingtonopera.en-gb.html?selected_currency=EUR;Classic Double Room;Classic Double Room
https://www.booking.com/hotel/fr/drawinghotel.en-gb.html?selected_currency=EUR;Standard Double Room;Standard Double Room
https://www.booking.com/hotel/fr/pavillonlouvrerivoli.en-gb.html?selected_currency=EUR;Small;Small
https://www.booking.com/hotel/fr/okko-hotels-paris-gare-de-l-39-est.en-gb.html?selected_currency=EUR;Classic Room;Classic Room
https://www.booking.com/hotel/fr/le-mareuil.en-gb.html?selected_currency=EUR;Standard Double Room ;Standard Double Room 
https://www.booking.com/hotel/fr/kube.en-gb.html?selected_currency=EUR;Kube Double or Twin Room;Kube Double or Twin Room
https://www.booking.com/hotel/fr/ha-tel-hor.en-gb.html?selected_currency=EUR;Classic Double Room;Chambre Double Classique
https://www.booking.com/hotel/fr/royalsainthonore.en-gb.html?selected_currency=EUR;Classic Room;Chambre Classique
https://www.booking.com/hotel/fr/emeraude-louvre-montana.en-gb.html?selected_currency=EUR;Superior Double Room;Chambre Double Supérieure
https://www.booking.com/hotel/fr/le-milie-rose.en-gb.html?selected_currency=EUR;Double Room;Double Room
https://www.booking.com/hotel/fr/hotel-rochechouart-paris.en-gb.html?selected_currency=EUR;Classic Double Room;Classic Double Room
https://www.booking.com/hotel/fr/hotel-chateau-d-eau.en-gb.html?selected_currency=EUR;Classic Double Room;Classic Double Room
https://www.booking.com/hotel/fr/edouard.en-gb.html?selected_currency=EUR;Classic Room;Chambre Classique
https://www.booking.com/hotel/fr/royal-elysa-c-es.en-gb.html?selected_currency=EUR;Superior Double or Twin Room;Chambre Double ou Lits Jumeaux Supérieure
https://www.booking.com/hotel/fr/monsieur-george-amp-spa-champs-elysees.en-gb.html?selected_currency=EUR;Classic Double Room;Chambre Double Classique
https://www.booking.com/hotel/fr/la-demeure-montaigne.en-gb.html?selected_currency=EUR;Standard Double Room;Chambre Double Standard
https://www.booking.com/hotel/fr/francoiser.en-gb.html?selected_currency=EUR;Standard Double Room;Chambre Double Standard
https://www.booking.com/hotel/fr/elyseesregencia.en-gb.html?selected_currency=EUR;Classic Double Room;Chambre Double Classique
https://www.booking.com/hotel/fr/lebelmontparis.en-gb.html?selected_currency=EUR;Classic Double or Twin Room;Chambre Double ou Lits Jumeaux Classique
https://www.booking.com/hotel/fr/keppler.en-gb.html?selected_currency=EUR;Classic Double Room;Chambre Double Classique
https://www.booking.com/hotel/fr/du-rond-point-des-champs-elysees.en-gb.html?selected_currency=EUR;Superior Double Room;Chambre Double Supérieure
https://www.booking.com/hotel/fr/olysee.en-gb.html?selected_currency=EUR;Standard Double or Twin Room;Chambre Double ou Lits Jumeaux Standard
https://www.booking.com/hotel/fr/elysees-mermoz.en-gb.html?selected_currency=EUR;Superior Double Room;Chambre Double Supérieure
https://www.booking.com/hotel/fr/hotellea.en-gb.html?selected_currency=EUR;Superior Double Room;Chambre Double Supérieure
https://www.booking.com/hotel/fr/des-champs-elysees.en-gb.html?selected_currency=EUR;Classic Double Room;Chambre Double Classique
https://www.booking.com/hotel/fr/le-marianne.en-gb.html?selected_currency=EUR;Superior Room;Chambre Supérieure
https://www.booking.com/hotel/fr/suites-hotel-etoile-helzear.en-gb.html?selected_currency=EUR;Deluxe Room;Chambre Deluxe
https://www.booking.com/hotel/fr/residencebassano.en-gb.html?selected_currency=EUR;Classic Double Room;Chambre Double Classique
https://www.booking.com/hotel/fr/elysees-bassano.en-gb.html?selected_currency=EUR;Double Classic;Chambre Double Classique
https://www.booking.com/hotel/fr/padam.en-gb.html?selected_currency=EUR;Superior Double Room;Chambre Double Supérieure
https://www.booking.com/hotel/fr/heliosopera.en-gb.html?selected_currency=EUR;Classic Room;Chambre Classique
https://www.booking.com/hotel/fr/r-kipling.en-gb.html?selected_currency=EUR;Standard Double or Twin Room;Chambre Double ou Lits Jumeaux Standard
https://www.booking.com/hotel/fr/sax-paris-lxr-hotels-resorts.en-gb.html?selected_currency=EUR;Sax King Room;Sax King Room
https://www.booking.com/hotel/fr/monna-lisa.en-gb.html?selected_currency=EUR;Classic Double Room;Chambre Double Classique
https://www.booking.com/hotel/fr/lord-byron.en-gb.html?selected_currency=EUR;Classic Double Room;Chambre Double Classique
https://www.booking.com/hotel/fr/tourisme-ha-tel.en-gb.html?selected_currency=EUR;Business Room;Chambre Affaires
https://www.booking.com/hotel/fr/grenelle-paris-tour-eiffel.en-gb.html?selected_currency=EUR;Standard Double Room;Standard Double Room
https://www.booking.com/hotel/fr/la-regence-etoile.en-gb.html?selected_currency=EUR;Superior Double Room;Superior Double Room
https://www.booking.com/hotel/fr/belfast.en-gb.html?selected_currency=EUR;Classic Double Room;Classic Double Room
https://www.booking.com/hotel/fr/arc-de-triomphe-etoile.en-gb.html?selected_currency=EUR;Classic Double Room;Classic Double Room
https://www.booking.com/hotel/fr/maison-hamelin-paris-handwritten-collection.en-gb.html?selected_currency=EUR;Superior Double Room;Superior Double Room
https://www.booking.com/hotel/fr/hotelpergolese.en-gb.html?selected_currency=EUR;Double Room;Double Room
https://www.booking.com/hotel/fr/le-10-bis.en-gb.html?selected_currency=EUR;Deluxe Double Room;Deluxe Double Room
https://www.booking.com/hotel/fr/melia-paris-champs-elysees.en-gb.html?selected_currency=EUR;Melia Double Room;Melia Double Room
https://www.booking.com/hotel/fr/les-matins-de-paris.en-gb.html?selected_currency=EUR;Classic Room;Classic Room
https://www.booking.com/hotel/fr/astraopera.en-gb.html?selected_currency=EUR;Standard Double Room;Standard Double Room
https://www.booking.com/hotel/fr/phileas-hotel.en-gb.html?selected_currency=EUR;Classic Double Room;Chambre Double Classique
https://www.booking.com/hotel/fr/saintpetersbourg.en-gb.html?selected_currency=EUR;Classic Double Room;Classic Double Room
https://www.booking.com/hotel/fr/jardindeparisoperamorny.en-gb.html?selected_currency=EUR;Superior Double Room;Superior Double Room
https://www.booking.com/hotel/fr/trinite.en-gb.html?selected_currency=EUR;Chambre Elegance;Chambre Elegance
https://www.booking.com/hotel/fr/stgeorges.en-gb.html?selected_currency=EUR;Comfort Double Room;Comfort Double Room
https://www.booking.com/hotel/fr/hotelbeige.en-gb.html?selected_currency=EUR;Standard Double Room;Standard Double Room
https://www.booking.com/hotel/fr/maison-athenee.en-gb.html?selected_currency=EUR;Classic Double Room;Classic Double Room
https://www.booking.com/hotel/fr/dress-code-amp-spa.en-gb.html?selected_currency=EUR;Standard Room;Standard Room
https://www.booking.com/hotel/fr/basile.en-gb.html?selected_currency=EUR;Classic Double Room;Classic Double Room
https://www.booking.com/hotel/fr/le-relais-madeleine.en-gb.html?selected_currency=EUR;Double comfort;Double comfort
https://www.booking.com/hotel/fr/la-villa-haussmann.en-gb.html?selected_currency=EUR;Superior Double Room;Superior Double Room
https://www.booking.com/hotel/fr/lelavoisierparis.en-gb.html?selected_currency=EUR;Double Standard;Double Standard
https://www.booking.com/hotel/fr/royal-madeleine-paris.en-gb.html?selected_currency=EUR;Classic Double Room;Classic Double Room
https://www.booking.com/hotel/fr/hotel-le-12.en-gb.html?selected_currency=EUR;Deluxe Double Room;Deluxe Double Room
https://www.booking.com/hotel/fr/hotel-le-mathurin.en-gb.html?selected_currency=EUR;Classic Double or Twin Room;Classic Double or Twin Room
https://www.booking.com/hotel/fr/hotelwaldorfmadeleine.en-gb.html?selected_currency=EUR;Double Room;Double Room
https://www.booking.com/hotel/fr/malesherbes.en-gb.html?selected_currency=EUR;Double Room;Double Room
https://www.booking.com/hotel/fr/hotelduministere.en-gb.html?selected_currency=EUR;Superior Double Room;Superior Double Room
https://www.booking.com/hotel/fr/arioso.en-gb.html?selected_currency=EUR;Classic Double Room;Classic Double Room
https://www.booking.com/hotel/fr/bedford.en-gb.html?selected_currency=EUR;Classic Room;Classic Room
https://www.booking.com/hotel/fr/opera-marigny.en-gb.html?selected_currency=EUR;Comfort Double Room;Comfort Double Room
https://www.booking.com/hotel/fr/newhotelroblin.en-gb.html?selected_currency=EUR;Standard Room;Standard Room
https://www.booking.com/hotel/fr/madeleine-plaza.en-gb.html?selected_currency=EUR;Standard Double Room;Standard Double Room
https://www.booking.com/hotel/fr/mathis.en-gb.html?selected_currency=EUR;Superior Double Room;Superior Double Room
https://www.booking.com/hotel/fr/perpetual-elysee-montaigne-paris.en-gb.html?selected_currency=EUR;Superior Double Room;Superior Double Room
https://www.booking.com/hotel/fr/montecristo-paris.en-gb.html?selected_currency=EUR;Classic Double Room with pool access;Classic Double Room with pool access
https://www.booking.com/hotel/fr/la-lanterne-paris.en-gb.html?selected_currency=EUR;Classic Double Room with Spa Access;Classic Double Room with Spa Access
https://www.booking.com/hotel/fr/excelsior-latin.en-gb.html?selected_currency=EUR;Classic Room;Classic Room
https://www.booking.com/hotel/fr/stmichel.en-gb.html?selected_currency=EUR;Double Room;Double Room
https://www.booking.com/hotel/fr/saint-jacques-paris.en-gb.html?selected_currency=EURselected_currency=EUR;Classic Room;Classic Room
https://www.booking.com/hotel/fr/lejardindecluny.en-gb.html?selected_currency=EUR;Classic Double Room;Classic Double Room
https://www.booking.com/hotel/fr/serotellutece.en-gb.html?selected_currency=EUR;Classic Double Room;Classic Double Room
https://www.booking.com/hotel/fr/les-rives-oceanik.en-gb.html?selected_currency=EUR;Classic Double Room;Classic Double Room
https://www.booking.com/hotel/fr/relais-saint-jacques.en-gb.html?selected_currency=EUR;Deluxe Double or Twin Room;Deluxe Double or Twin Room
https://www.booking.com/hotel/fr/monge-paris7.en-gb.html?selected_currency=EUR;Classic Double Room;Classic Double Room
https://www.booking.com/hotel/fr/parc-saint-severin.en-gb.html?selected_currency=EUR;Classic Double or Twin Room;Classic Double or Twin Room
https://www.booking.com/hotel/fr/le-lapin-blanc.en-gb.html?selected_currency=EUR;Classic Double Room;Classic Double Room
https://www.booking.com/hotel/fr/trianon-rive-gauche.en-gb.html?selected_currency=EUR;Classic Double Room;Classic Double Room
https://www.booking.com/hotel/fr/lesenatparis.en-gb.html?selected_currency=EUR;Superior Room;Superior Room
https://www.booking.com/hotel/fr/saintpaul.en-gb.html?selected_currency=EUR;Classic Double Room;Classic Double Room
https://www.booking.com/hotel/fr/saint-marc-paris.en-gb.html?selected_currency=EUR;Superior Room - Swimming Pool / Hammam Access upon reservation;Superior Room - Swimming Pool / Hammam Access upon reservation
https://www.booking.com/hotel/fr/filigrane-amp-spa.en-gb.html?selected_currency=EUR;Small Double Room;Small Double Room
https://www.booking.com/hotel/fr/francedantin.en-gb.html?selected_currency=EUR;Standard Double Room;Standard Double Room
https://www.booking.com/hotel/fr/gramont-opera.en-gb.html?selected_currency=EUR;Classic Double Room;Classic Double Room
https://www.booking.com/hotel/fr/etatsunisopera.en-gb.html?selected_currency=EUR;Classic Double Room;Classic Double Room
https://www.booking.com/hotel/fr/paris-opera-garnier.en-gb.html?selected_currency=EUR;Classic Twin Room;Classic Twin Room
https://www.booking.com/hotel/fr/hotel-paris-opera-affiliated-by-melia.en-gb.html?selected_currency=EUR;Double Room;Double Room
https://www.booking.com/hotel/fr/gtoperanoailles.en-gb.html?selected_currency=EUR;Standard Double Room;Standard Double Room
https://www.booking.com/hotel/fr/square-louvois-paris.en-gb.html?selected_currency=EUR;Double or Twin Room;Double or Twin Room
https://www.booking.com/hotel/fr/park-lane-paris.en-gb.html?selected_currency=EUR;Superior Twin Room;Superior Twin Room
https://www.booking.com/hotel/fr/favart.en-gb.html?selected_currency=EUR;Classic Double Room;Classic Double Room
https://www.booking.com/hotel/fr/du-printemps-paris.en-gb.html?selected_currency=EUR;Budget Double Room;Budget Double Room
https://www.booking.com/hotel/fr/best-western-empire-elysees.en-gb.html?selected_currency=EUR;Classic Double Room;Classic Double Room
https://www.booking.com/hotel/fr/villaalessandra.en-gb.html?selected_currency=EUR;Double Room;Double Room
https://www.booking.com/hotel/fr/plaza-etoile.en-gb.html?selected_currency=EUR;Classic Double or Twin Room;Classic Double or Twin Room
https://www.booking.com/hotel/fr/ampere.en-gb.html?selected_currency=EUR;Classic Double Room;Classic Double Room